name,phoneNumber,email,address,userAgent,hexcolor
Mr. William Orn,1-624-633-7284,farrell.ayden@gmail.com,"25025 Mikayla Forge Suite 578
Augustahaven, ID 53138","Mozilla/5.0 (iPad; CPU OS 8_0_1 like Mac OS X; en-US) AppleWebKit/534.23.2 (KHTML, like Gecko) Version/4.0.5 Mobile/8B114 Safari/6534.23.2",#342768
Mrs. Concepcion Murray,1-608-969-8495,eleanora.hirthe@treutel.com,"952 Rogahn Circles
New Furman, SD 77906-3929",Mozilla/5.0 (compatible; MSIE 6.0; Windows NT 5.2; Trident/5.1),#cd8b34
Colleen Swaniawski,1-712-886-8012,chadrick.mcglynn@hotmail.com,"1612 Gutkowski Springs
Port Junechester, NY 17799","Mozilla/5.0 (Windows; U; Windows NT 6.1) AppleWebKit/532.7.3 (KHTML, like Gecko) Version/4.0 Safari/532.7.3",#9fd894
Ericka Gottlieb,+1-851-498-6786,modesta80@yahoo.com,"818 Kaylie Corner Apt. 250
Heavenport, WY 87352",Opera/9.85 (Windows NT 4.0; sl-SI) Presto/2.10.267 Version/11.00,#d65c96
Cooper Muller,314-280-4980,toy20@yahoo.com,"941 Onie Pike Suite 749
New Philipton, IA 93866-8812","Mozilla/5.0 (Windows; U; Windows 95) AppleWebKit/535.25.3 (KHTML, like Gecko) Version/5.0.2 Safari/535.25.3",#fed684
Delores Jacobson,+1.745.286.9025,mkassulke@upton.com,"928 Carleton Avenue
New Everette, TX 14467-5823","Mozilla/5.0 (Macintosh; U; Intel Mac OS X 10_7_9 rv:2.0; en-US) AppleWebKit/533.29.7 (KHTML, like Gecko) Version/4.0.3 Safari/533.29.7",#1c14e9
Tony Schmitt,371-821-4010,jamel.schmitt@hotmail.com,"58920 Steuber Shoals
South Elysefurt, IA 21497",Mozilla/5.0 (compatible; MSIE 6.0; Windows NT 5.2; Trident/5.0),#bfccd8
Mr. Dillan Nolan,949-850-6450,jane11@kautzer.com,"82079 Kimberly Square
Lake Genovevatown, DE 41196",Mozilla/5.0 (compatible; MSIE 6.0; Windows NT 6.0; Trident/3.0),#2c81de
Blanca Haag,1-847-631-8152,joan08@gmail.com,"6643 Quincy Forge Suite 392
Lake Allie, NH 59530-4833",Opera/9.75 (X11; Linux i686; sl-SI) Presto/2.11.306 Version/10.00,#2eb4ec
Miss Gabrielle Bartoletti,298.744.5843,sage29@dicki.org,"276 Urban Street Suite 151
New Cyril, CO 09338-8778","Mozilla/5.0 (Windows NT 5.1) AppleWebKit/5331 (KHTML, like Gecko) Chrome/36.0.865.0 Mobile Safari/5331",#0d33ff
Harley Cummerata,880.528.6164,orie.wolf@smitham.biz,"8551 Keeling Crest
Port Izaiah, FL 23034",Opera/8.22 (X11; Linux i686; en-US) Presto/2.9.299 Version/11.00,#6d3fe0
Prof. Vivien Shanahan,571-653-4894,isabell62@gmail.com,"4741 Gilbert Trail
South Donnell, AZ 08187",Mozilla/5.0 (compatible; MSIE 7.0; Windows 98; Trident/3.0),#f50fa6
Brooklyn Maggio,767.768.9997,sophia00@yahoo.com,"8974 Reynolds Throughway Suite 886
Fredericside, LA 57079-9334","Mozilla/5.0 (Macintosh; Intel Mac OS X 10_7_2) AppleWebKit/5330 (KHTML, like Gecko) Chrome/39.0.825.0 Mobile Safari/5330",#2c1655
Gideon Upton,(563) 940-7090,coreilly@yahoo.com,"9486 Hillard Burg Apt. 179
Ceceliaport, SC 93377-4373",Mozilla/5.0 (compatible; MSIE 10.0; Windows NT 6.0; Trident/3.1),#085b79
Mr. Victor Morissette,374-324-2213,nikki53@stracke.com,"35988 Lavinia Mill
Shanelmouth, UT 01093-3396",Mozilla/5.0 (Macintosh; U; Intel Mac OS X 10_7_3 rv:5.0) Gecko/20231104 Firefox/37.0,#59db12
Kaia Lang I,+1-592-918-4624,carolanne.herman@crist.info,"7140 Jaida Haven Suite 152
Port Ted, NJ 88465","Mozilla/5.0 (Windows CE) AppleWebKit/5310 (KHTML, like Gecko) Chrome/40.0.886.0 Mobile Safari/5310",#03c587
Mr. Buck Reynolds DVM,(904) 522-1671,oscar.wilderman@gmail.com,"27335 Greenfelder Mews Apt. 879
Ardenton, KY 16070-5299","Mozilla/5.0 (Macintosh; PPC Mac OS X 10_8_3) AppleWebKit/5331 (KHTML, like Gecko) Chrome/37.0.897.0 Mobile Safari/5331",#dd8655
Timmy Luettgen MD,+14657489830,blanda.felicita@hotmail.com,"46998 Bradtke Center Apt. 219
Carsonbury, RI 61259-5131",Mozilla/5.0 (compatible; MSIE 8.0; Windows NT 6.1; Trident/5.1),#ec2944
Eddie Shanahan V,+1.482.791.8020,jhermiston@yahoo.com,"3790 Celine Valley Apt. 896
Bednarshire, IA 52029",Opera/8.18 (X11; Linux x86_64; en-US) Presto/2.10.297 Version/11.00,#ca60bb
Prof. Zack Russel MD,+1-203-281-2585,luna.huel@yahoo.com,"433 Bradtke Alley
West Justonland, AR 30690",Mozilla/5.0 (compatible; MSIE 7.0; Windows NT 6.1; Trident/3.1),#337292
Ally Macejkovic PhD,+1-418-590-2245,marlene.cartwright@glover.com,"5755 Hickle Via Apt. 687
South Frederick, AR 64950-3051",Mozilla/5.0 (X11; Linux x86_64; rv:5.0) Gecko/20200616 Firefox/36.0,#3b1e25
Mrs. Loren Hettinger,+15808867759,romaguera.cheyanne@gmail.com,"75587 Larkin Hills
North Xavierland, AL 16996",Mozilla/5.0 (Windows NT 5.1; sl-SI; rv:1.9.1.20) Gecko/20120309 Firefox/35.0,#853dd6
Nicolette Satterfield,451.650.5692,drew.moen@gmail.com,"289 Corwin Shores
Amirburgh, ID 18869-2841","Mozilla/5.0 (Macintosh; PPC Mac OS X 10_8_0 rv:6.0; en-US) AppleWebKit/535.44.4 (KHTML, like Gecko) Version/5.0.1 Safari/535.44.4",#438803
Meggie Hamill V,+1-426-358-8775,icie43@hotmail.com,"43319 Frami Plains Suite 966
Weissnatview, DE 10062-0021",Mozilla/5.0 (Macintosh; U; Intel Mac OS X 10_7_8 rv:4.0) Gecko/20120713 Firefox/37.0,#7d8611
Prof. Lucile Waters,1-520-528-7242,clemens10@collier.com,"9717 Enola Mountains Apt. 722
East Skylarshire, MS 43738-0569","Mozilla/5.0 (Macintosh; Intel Mac OS X 10_5_7) AppleWebKit/5331 (KHTML, like Gecko) Chrome/40.0.857.0 Mobile Safari/5331",#de018a
Marquise Okuneva,1-736-617-9182,emilie.schultz@yahoo.com,"3212 Zboncak Junctions
New Junior, LA 92490",Opera/9.84 (Windows NT 5.2; sl-SI) Presto/2.10.313 Version/11.00,#5e2728
Jadon Walter,+18903812268,ibeer@breitenberg.org,"8112 Wehner Rest
Uptonburgh, MN 88543-9995",Mozilla/5.0 (Windows 98; en-US; rv:1.9.0.20) Gecko/20140422 Firefox/37.0,#28f269
Prof. Deangelo Hudson,289-359-6346,alverta.cruickshank@durgan.biz,"460 Kiehn Street Apt. 603
Framifurt, CT 06689-2371","Mozilla/5.0 (iPad; CPU OS 8_1_1 like Mac OS X; sl-SI) AppleWebKit/535.29.7 (KHTML, like Gecko) Version/4.0.5 Mobile/8B112 Safari/6535.29.7",#857f5c
Dr. Ali Heller DDS,+1 (805) 458-0093,kshlerin.salvatore@mcdermott.com,"3729 Nolan Cape Suite 762
North Karinefort, NE 72105-3890",Mozilla/5.0 (X11; Linux i686; rv:6.0) Gecko/20230915 Firefox/36.0,#d0671c
Camden Rowe,(725) 407-4657,beer.delphia@yahoo.com,"122 Nia Plain Apt. 273
Nashburgh, ID 56830-9984","Mozilla/5.0 (Windows; U; Windows 98) AppleWebKit/533.30.1 (KHTML, like Gecko) Version/5.0.3 Safari/533.30.1",#1114fe
Mr. Trever Sauer DVM,+12989713233,edward09@kreiger.net,"4241 Curt Inlet
Hillmouth, ME 82609",Mozilla/5.0 (X11; Linux x86_64; rv:5.0) Gecko/20211118 Firefox/37.0,#985988
Amos Kemmer MD,248-567-5825,sdietrich@hill.com,"3279 Prosacco Glen Apt. 889
Lake Lawrenceshire, TX 29705-1423",Opera/8.98 (X11; Linux x86_64; sl-SI) Presto/2.9.175 Version/11.00,#016f26
Sylvester Nienow,519-737-0886,hegmann.graham@haag.net,"9066 Trystan Ports
Port Cassidystad, DE 64481-5595",Mozilla/5.0 (compatible; MSIE 9.0; Windows NT 5.1; Trident/3.0),#d5f6ce
Lester Runte,1-730-923-2857,ykihn@hotmail.com,"163 Hartmann Island Apt. 892
Marlinstad, CT 32877-5217",Mozilla/5.0 (compatible; MSIE 10.0; Windows 95; Trident/4.1),#befda0
Bryana Thiel,+1.724.458.2000,zhintz@jaskolski.net,"9550 Lindgren Oval Suite 193
New Benbury, NC 95203","Mozilla/5.0 (iPhone; CPU iPhone OS 8_0_1 like Mac OS X; en-US) AppleWebKit/533.26.6 (KHTML, like Gecko) Version/3.0.5 Mobile/8B111 Safari/6533.26.6",#b814fd
Therese Luettgen Sr.,681-584-9890,gtrantow@hotmail.com,"233 Naomi Springs
Reillyland, NJ 15349","Mozilla/5.0 (iPad; CPU OS 7_0_2 like Mac OS X; en-US) AppleWebKit/531.3.5 (KHTML, like Gecko) Version/3.0.5 Mobile/8B111 Safari/6531.3.5",#4a900c
Ms. Valerie Kuphal,+1 (773) 857-5185,sonia.kuphal@schultz.com,"611 Gorczany Springs Apt. 008
Leonburgh, DC 62555",Opera/9.86 (Windows CE; en-US) Presto/2.9.295 Version/12.00,#d0d0d8
Wellington Daniel,490-801-8805,ara.howell@yahoo.com,"784 Reina Lodge
Trishaborough, SD 97788","Mozilla/5.0 (Macintosh; Intel Mac OS X 10_6_4) AppleWebKit/5311 (KHTML, like Gecko) Chrome/37.0.812.0 Mobile Safari/5311",#87e4e8
Leonora Adams,910-713-2924,chelsie07@yahoo.com,"6566 Hagenes Station Apt. 410
Lockmantown, ME 30436-2887","Mozilla/5.0 (Macintosh; U; PPC Mac OS X 10_6_6 rv:3.0; sl-SI) AppleWebKit/533.6.7 (KHTML, like Gecko) Version/5.0.1 Safari/533.6.7",#ce0d70
Anjali Harris,1-652-298-1284,muller.bettye@gmail.com,"3373 Emmy Flat
Alisonstad, KS 14431-5919",Mozilla/5.0 (Macintosh; Intel Mac OS X 10_5_9 rv:5.0) Gecko/20131028 Firefox/37.0,#f84ba3
Carmela Terry,+1 (489) 610-3759,hdeckow@hotmail.com,"34888 Huel Ridge Apt. 543
Rippinland, MO 90596","Mozilla/5.0 (Macintosh; U; PPC Mac OS X 10_6_3 rv:5.0; en-US) AppleWebKit/532.5.1 (KHTML, like Gecko) Version/4.0.4 Safari/532.5.1",#4844db
Queenie Swift,1-685-468-5061,slarkin@hotmail.com,"64793 Leila Parkway Apt. 721
Ledahaven, TX 61560","Mozilla/5.0 (Windows; U; Windows NT 4.0) AppleWebKit/535.31.7 (KHTML, like Gecko) Version/4.0.3 Safari/535.31.7",#98afe9
Keely Wisoky,1-717-642-3449,reed.bechtelar@nienow.info,"74876 Dare Freeway
Sporermouth, TX 85734",Opera/8.29 (X11; Linux x86_64; sl-SI) Presto/2.10.175 Version/12.00,#b26cdb
Hermina Brekke,1-563-714-7539,crenner@gmail.com,"780 Douglas Club Apt. 524
East Veronica, RI 31661-1291",Mozilla/5.0 (X11; Linux i686; rv:7.0) Gecko/20180112 Firefox/37.0,#ad366d
Shea Langworth,(874) 957-1167,bergnaum.kevon@yahoo.com,"41667 Kenny Drive
East Yvetteland, SD 70109",Mozilla/5.0 (compatible; MSIE 11.0; Windows NT 4.0; Trident/5.1),#b09f04
Crystal Herman,385-642-0198,fheller@gmail.com,"1380 Willms Skyway Apt. 777
Helgastad, MA 30384-7820",Mozilla/5.0 (compatible; MSIE 5.0; Windows NT 5.01; Trident/4.0),#8f32ca
Dr. Humberto Welch PhD,1-482-758-1283,blittel@block.com,"96735 Ana Roads Suite 827
Hughview, NV 59585","Mozilla/5.0 (iPhone; CPU iPhone OS 7_0_2 like Mac OS X; en-US) AppleWebKit/534.45.1 (KHTML, like Gecko) Version/3.0.5 Mobile/8B114 Safari/6534.45.1",#f6f8fa
Silas Jacobson PhD,389.923.6447,eldred11@yahoo.com,"6699 Randall Dam Suite 958
Naomiemouth, WA 20857-6519",Mozilla/5.0 (compatible; MSIE 7.0; Windows NT 5.2; Trident/4.1),#2f3ab0
Brionna Powlowski III,250-516-0651,yhudson@gmail.com,"7929 Turcotte Vista
Langoshside, WI 14468-9522",Opera/8.91 (Windows 95; sl-SI) Presto/2.8.334 Version/10.00,#f12c82
Melyssa Corwin,974.249.4603,cmcglynn@hotmail.com,"307 Salvatore Streets Suite 519
Staceyland, WY 32836-6511",Mozilla/5.0 (Windows 98; Win 9x 4.90; en-US; rv:1.9.0.20) Gecko/20141223 Firefox/35.0,#6fde63
Edwina Pollich,267.922.5960,champlin.fernando@dubuque.info,"85273 Fred Island Suite 737
North Rowenastad, TX 63083",Opera/9.84 (Windows NT 6.1; en-US) Presto/2.9.306 Version/10.00,#fc8d0f
London Quitzon,403-839-8284,fcorkery@metz.org,"1691 Michele Cliffs Apt. 444
New Geovanniborough, MN 60314",Mozilla/5.0 (compatible; MSIE 11.0; Windows NT 6.1; Trident/3.1),#5409f7
Prof. Ralph Crona Jr.,527.916.9394,justus61@barrows.com,"263 Triston Roads Suite 384
New Michaela, KS 19335-0471",Opera/8.62 (Windows CE; sl-SI) Presto/2.11.198 Version/10.00,#a5c336
Kamryn Maggio,+1-720-219-8154,mcglynn.eveline@gmail.com,"471 Ankunding Via Apt. 588
East Carson, WY 46461",Mozilla/5.0 (X11; Linux i686; rv:5.0) Gecko/20130907 Firefox/37.0,#afcf80
Asa Pagac,(872) 346-1573,jany46@hotmail.com,"298 Thelma Row
West Marielachester, LA 07083",Opera/8.85 (Windows NT 5.0; sl-SI) Presto/2.10.249 Version/12.00,#e3374b
Gideon Ullrich,910.999.7012,morar.mckayla@gmail.com,"945 Crona Village Apt. 155
New Queeniefurt, CA 88983","Mozilla/5.0 (X11; Linux i686) AppleWebKit/5342 (KHTML, like Gecko) Chrome/39.0.866.0 Mobile Safari/5342",#483e99
Woodrow Quigley,815.229.7643,savion.harvey@yahoo.com,"656 Abshire Circle Apt. 495
West Aliyahhaven, HI 23387-6516","Mozilla/5.0 (Macintosh; PPC Mac OS X 10_7_6 rv:4.0; en-US) AppleWebKit/533.13.7 (KHTML, like Gecko) Version/4.0.1 Safari/533.13.7",#15dc6d
Sigurd Roberts,+1-407-617-7715,billie36@skiles.com,"16478 Yundt Rapid Apt. 282
Harbertown, IL 67053",Mozilla/5.0 (Macintosh; U; PPC Mac OS X 10_8_4 rv:4.0) Gecko/20110827 Firefox/35.0,#f62b9a
Ms. Leanne Durgan I,1-951-488-4835,nkoch@gmail.com,"4074 Collins Way Suite 683
North Raeland, LA 14784-9515",Mozilla/5.0 (compatible; MSIE 11.0; Windows NT 4.0; Trident/5.0),#dba278
Era Jacobi,1-254-457-9649,bruen.ryder@beier.com,"85716 Kunde Field
Dominicbury, RI 14080",Mozilla/5.0 (compatible; MSIE 11.0; Windows 95; Trident/3.0),#8c65f2
Cynthia Beer,+1.370.743.2501,streich.arnold@gmail.com,"83985 Gabrielle Village
East Hillary, OK 21846-1668",Mozilla/5.0 (X11; Linux i686; rv:7.0) Gecko/20190804 Firefox/37.0,#692002
Dr. Rickie Johnson,+1-342-309-5866,jacobson.summer@hayes.com,"2533 Kevin Crest
Coraborough, TN 20004","Mozilla/5.0 (X11; Linux i686) AppleWebKit/5342 (KHTML, like Gecko) Chrome/37.0.849.0 Mobile Safari/5342",#cc0c8a
Dr. Rowena Bode DVM,(583) 512-0189,julianne46@schmidt.com,"2960 Adell Glen Apt. 476
Ankundingmouth, FL 49348",Mozilla/5.0 (X11; Linux x86_64; rv:6.0) Gecko/20120609 Firefox/37.0,#8ad636
Carroll Morar,(980) 734-6221,blanche21@jaskolski.org,"80725 Maxime Springs
North Elverafurt, MS 33353-1203","Mozilla/5.0 (iPhone; CPU iPhone OS 8_1_2 like Mac OS X; sl-SI) AppleWebKit/532.18.3 (KHTML, like Gecko) Version/3.0.5 Mobile/8B114 Safari/6532.18.3",#6238db
Tate Mueller,+1.956.587.8097,bsanford@leffler.biz,"11017 Demarcus Walks
Port Marc, SD 96266-6531",Mozilla/5.0 (Windows CE; en-US; rv:1.9.1.20) Gecko/20210505 Firefox/36.0,#827fd6
Abbey Pfannerstill,508.394.8111,lschultz@douglas.biz,"635 Jaquelin Field
East Penelopeberg, CO 67414","Mozilla/5.0 (Macintosh; U; Intel Mac OS X 10_6_2 rv:5.0; sl-SI) AppleWebKit/532.42.1 (KHTML, like Gecko) Version/5.1 Safari/532.42.1",#cdb9a7
Eli Lebsack Sr.,+1-301-299-4852,chet.mueller@little.org,"5316 Hahn Burgs Apt. 959
Robbport, WV 09269-0969",Mozilla/5.0 (Windows NT 6.0; en-US; rv:1.9.1.20) Gecko/20171028 Firefox/36.0,#28a3f2
Prof. Carmella Goldner II,514.461.6521,mann.noel@turner.com,"62749 Klocko Well Apt. 957
Patrickshire, TN 87941","Mozilla/5.0 (Macintosh; U; Intel Mac OS X 10_6_7 rv:2.0; en-US) AppleWebKit/531.13.7 (KHTML, like Gecko) Version/4.0.1 Safari/531.13.7",#c27136
Donavon Schaefer Jr.,+1.397.316.5944,dnolan@schmeler.net,"27599 Marie Mill Apt. 586
Gulgowskibury, LA 56115-0849",Opera/8.89 (X11; Linux x86_64; sl-SI) Presto/2.10.174 Version/12.00,#6b24fa
Lexi Yundt,+1-258-457-1209,samir.quitzon@yahoo.com,"312 Goldner Creek Suite 642
South Charliemouth, WY 59053","Mozilla/5.0 (iPad; CPU OS 8_2_2 like Mac OS X; en-US) AppleWebKit/534.21.2 (KHTML, like Gecko) Version/4.0.5 Mobile/8B115 Safari/6534.21.2",#a695d2
Adell Koepp PhD,676.426.9056,daisy.bergstrom@yahoo.com,"51934 Dayana Terrace
Julietview, AL 39079-6918","Mozilla/5.0 (Windows 95) AppleWebKit/5310 (KHTML, like Gecko) Chrome/40.0.836.0 Mobile Safari/5310",#0ef349
Elenora Pfannerstill PhD,536.389.0670,wcollins@hotmail.com,"9431 Kulas Islands Suite 487
North Favianfort, NE 40740-0664",Mozilla/5.0 (Macintosh; PPC Mac OS X 10_8_8 rv:2.0) Gecko/20220205 Firefox/35.0,#3234ab
Hillary Effertz,731.698.7367,paucek.wilber@kunze.com,"12611 Champlin Passage Suite 204
South Kurtstad, ME 92384-0567","Mozilla/5.0 (X11; Linux i686) AppleWebKit/5341 (KHTML, like Gecko) Chrome/38.0.830.0 Mobile Safari/5341",#1bb074
Barbara Von II,+19277382333,ike87@halvorson.net,"404 Baby Lights Apt. 166
Starkland, NC 27136","Mozilla/5.0 (iPad; CPU OS 8_0_2 like Mac OS X; sl-SI) AppleWebKit/534.22.7 (KHTML, like Gecko) Version/4.0.5 Mobile/8B111 Safari/6534.22.7",#7b3484
Blair Walsh,443.865.6398,jjenkins@purdy.com,"68701 Emmitt Estates
Runolfsdottirberg, PA 43658-9460",Mozilla/5.0 (compatible; MSIE 8.0; Windows NT 5.1; Trident/4.1),#104fff
Jarrod Brakus,+1 (565) 475-4533,pablo59@frami.info,"26559 Herzog Ferry Suite 500
South Brianne, MA 13062-1356","Mozilla/5.0 (iPhone; CPU iPhone OS 8_2_1 like Mac OS X; sl-SI) AppleWebKit/535.23.6 (KHTML, like Gecko) Version/3.0.5 Mobile/8B118 Safari/6535.23.6",#402a63
Ayana Jenkins DVM,+1-414-285-1465,stanton.herman@gmail.com,"128 Prohaska Roads
Howeshire, MN 77958-3653",Mozilla/5.0 (compatible; MSIE 5.0; Windows 95; Trident/5.1),#236e8a
Rosemary Monahan,+17619290047,noemi.ryan@fisher.com,"2191 Lemke Greens
Port Darenville, VT 59417",Mozilla/5.0 (X11; Linux i686; rv:6.0) Gecko/20200303 Firefox/35.0,#0d6874
Bertram Schiller,+12629262275,ericka81@murray.com,"7161 Angelica Haven
Brianneton, AR 50899","Mozilla/5.0 (iPhone; CPU iPhone OS 8_0_2 like Mac OS X; sl-SI) AppleWebKit/535.32.7 (KHTML, like Gecko) Version/3.0.5 Mobile/8B116 Safari/6535.32.7",#a7ea49
Mr. Loy Toy,+14873767064,maximillian.lakin@hotmail.com,"443 Holly Club Suite 625
Lakinchester, MO 55910","Mozilla/5.0 (iPhone; CPU iPhone OS 8_2_1 like Mac OS X; en-US) AppleWebKit/533.13.4 (KHTML, like Gecko) Version/4.0.5 Mobile/8B117 Safari/6533.13.4",#47bb73
Rosario Beer,+14649064007,gregg20@yahoo.com,"141 Skyla Wells
New Vladimirport, DC 26518",Mozilla/5.0 (compatible; MSIE 5.0; Windows 95; Trident/3.0),#5e6c63
Dr. Demetrius Sanford II,+16708530750,tdoyle@eichmann.com,"7296 Alford Passage
Tarynbury, NY 11491",Mozilla/5.0 (compatible; MSIE 9.0; Windows 98; Win 9x 4.90; Trident/5.1),#5fd3d5
Monique Brakus,363-446-6516,xfadel@gmail.com,"914 Hagenes Route Suite 539
Lake Llewellynview, OK 64812-8740",Mozilla/5.0 (compatible; MSIE 5.0; Windows NT 5.01; Trident/4.1),#73da4e
Mr. Faustino Stoltenberg,1-660-883-2157,dina96@gmail.com,"38110 Walker Court Suite 252
East Moseport, AZ 76608-5491","Mozilla/5.0 (Macintosh; Intel Mac OS X 10_5_0 rv:4.0; en-US) AppleWebKit/533.44.7 (KHTML, like Gecko) Version/5.0 Safari/533.44.7",#2902ba
Jade Lakin,359.648.5301,ledner.mya@yahoo.com,"62489 Gerlach Mission Suite 147
East Vernietown, OK 73290","Mozilla/5.0 (X11; Linux x86_64) AppleWebKit/5361 (KHTML, like Gecko) Chrome/36.0.890.0 Mobile Safari/5361",#dffa16
Prof. Lenora Ebert PhD,1-719-319-8447,allen.dubuque@gmail.com,"200 Vinnie Trail Suite 871
East Cielo, MT 23102-5617","Mozilla/5.0 (iPad; CPU OS 8_1_1 like Mac OS X; sl-SI) AppleWebKit/532.49.6 (KHTML, like Gecko) Version/3.0.5 Mobile/8B111 Safari/6532.49.6",#bf1881
Dr. Edmond Spencer,1-473-913-6323,vrolfson@hand.com,"493 Ransom Courts
Weststad, SC 19775",Mozilla/5.0 (compatible; MSIE 6.0; Windows NT 5.01; Trident/5.1),#8ad9f2
Elisabeth Watsica,+1-327-846-1242,guido.watsica@jones.com,"6088 Moen Hollow
Port Cora, AL 53107-4828",Mozilla/5.0 (compatible; MSIE 7.0; Windows NT 5.2; Trident/5.1),#b5c17a
Britney Ward,(587) 354-2776,federico76@metz.com,"662 Rafael Ford
Jayceeshire, WV 32691",Mozilla/5.0 (compatible; MSIE 11.0; Windows NT 6.0; Trident/4.1),#ee8df3
Nedra Torphy,1-382-878-1763,sid.lesch@tillman.com,"86884 VonRueden Pines Apt. 151
North Niashire, RI 35330",Opera/8.10 (X11; Linux x86_64; en-US) Presto/2.9.280 Version/10.00,#e9b6b6
Josefina Cremin I,(893) 715-1658,amya03@gmail.com,"693 D'Amore Orchard Suite 461
Willton, AL 75152","Mozilla/5.0 (X11; Linux i686) AppleWebKit/5310 (KHTML, like Gecko) Chrome/40.0.890.0 Mobile Safari/5310",#0c8bcf
Dr. Friedrich Lesch,+1-608-839-2682,tyra40@hotmail.com,"3194 Predovic Crescent
East Macy, WV 20050",Mozilla/5.0 (Macintosh; PPC Mac OS X 10_6_8 rv:4.0) Gecko/20170112 Firefox/35.0,#8915ed
Ms. Bianka Blick PhD,+1 (450) 459-9807,pmacejkovic@batz.org,"53697 Mayer Club
North Vesta, NV 44015-8002",Mozilla/5.0 (Windows NT 5.01; sl-SI; rv:1.9.1.20) Gecko/20180417 Firefox/35.0,#580367
Lavina Watsica,1-930-695-4382,ryley73@gmail.com,"27307 Greenholt Square Suite 996
New Heaven, NY 01998","Mozilla/5.0 (Macintosh; PPC Mac OS X 10_7_0 rv:6.0; en-US) AppleWebKit/533.15.7 (KHTML, like Gecko) Version/5.1 Safari/533.15.7",#8ba47a
Ms. Ivah Wolff,1-356-998-5834,sruecker@altenwerth.org,"307 Domingo Tunnel
Josephmouth, WV 48194-8467","Mozilla/5.0 (Windows NT 4.0) AppleWebKit/5360 (KHTML, like Gecko) Chrome/37.0.890.0 Mobile Safari/5360",#f50ac7
Brenden Nienow,+14197140316,murray.chasity@yahoo.com,"352 Jaylon Gateway
New Wandaside, PA 89240","Mozilla/5.0 (Macintosh; U; PPC Mac OS X 10_5_2 rv:5.0; sl-SI) AppleWebKit/532.23.6 (KHTML, like Gecko) Version/5.0.2 Safari/532.23.6",#90c0c3
Arnulfo Yost,1-972-624-4609,pschimmel@hotmail.com,"9276 Cameron Forest
Aliton, NE 77997-3453",Opera/8.52 (Windows NT 6.2; sl-SI) Presto/2.8.191 Version/11.00,#aab330
Ines Pouros V,+17727308936,glenda17@hotmail.com,"75401 Ondricka Track
Wizafort, NH 22635-2419","Mozilla/5.0 (Windows 95) AppleWebKit/5312 (KHTML, like Gecko) Chrome/39.0.828.0 Mobile Safari/5312",#d8fb96
Gerson Pfeffer,986-683-0488,paige70@hotmail.com,"58078 Rosenbaum Dam Apt. 661
Kerlukemouth, MI 48473",Mozilla/5.0 (Macintosh; Intel Mac OS X 10_5_0 rv:5.0) Gecko/20100108 Firefox/35.0,#ce67fa
Mrs. Erika Williamson DVM,204-260-7551,rklein@willms.info,"6394 Howe Lights
New Malindaland, MA 94799-9339",Opera/9.44 (X11; Linux x86_64; sl-SI) Presto/2.9.217 Version/11.00,#45f106
Davin Reynolds,+1 (980) 632-0610,dwindler@kessler.com,"342 Emmerich Branch Apt. 536
South Xzavierchester, PA 48156-8829","Mozilla/5.0 (Macintosh; U; Intel Mac OS X 10_8_4) AppleWebKit/5340 (KHTML, like Gecko) Chrome/37.0.877.0 Mobile Safari/5340",#6603d7
Emmie Dietrich,+16989517261,kovacek.anya@yahoo.com,"247 Ray Unions
Trompbury, GA 40485",Mozilla/5.0 (compatible; MSIE 10.0; Windows 98; Win 9x 4.90; Trident/3.0),#0ba08f
Ms. Ashly Runolfsdottir I,+1.536.472.0143,schneider.michelle@hotmail.com,"1710 Asia Station Apt. 662
East Eleazar, NV 87073-7786",Opera/8.15 (X11; Linux i686; en-US) Presto/2.8.187 Version/11.00,#164c80
Mr. Rogelio Huels DDS,+1 (354) 208-2171,windler.juanita@hotmail.com,"4446 Alyson Lodge Apt. 841
New Samara, DE 09346-5511","Mozilla/5.0 (X11; Linux i686) AppleWebKit/5321 (KHTML, like Gecko) Chrome/38.0.841.0 Mobile Safari/5321",#7d21f1
Prof. Joelle Maggio III,(605) 680-7770,mcollier@schulist.com,"65551 Burnice Groves
Port Ettie, IN 80433-6740","Mozilla/5.0 (Windows 95) AppleWebKit/5321 (KHTML, like Gecko) Chrome/40.0.881.0 Mobile Safari/5321",#289bb6
Prince Bogan,346.543.4592,crodriguez@olson.net,"647 Ullrich Park Apt. 867
New Odessa, LA 38246",Opera/9.38 (Windows 95; en-US) Presto/2.11.201 Version/11.00,#5cde6b
Miss Naomi Mann,+1-898-253-2018,graciela61@bartell.org,"888 Fritsch Crossroad Apt. 167
Martinamouth, KS 18342-5710","Mozilla/5.0 (Macintosh; U; PPC Mac OS X 10_8_8) AppleWebKit/5330 (KHTML, like Gecko) Chrome/36.0.895.0 Mobile Safari/5330",#313f6c
Alaina Schmitt,558.771.9228,urunolfsdottir@yahoo.com,"984 Price Ville
North Bailey, MS 49969",Opera/8.47 (X11; Linux i686; en-US) Presto/2.9.198 Version/12.00,#6b6e5e
Dane Davis,+1.487.878.8981,iparker@blick.org,"37912 Kertzmann Corners Suite 324
West Judyside, CT 04691",Mozilla/5.0 (X11; Linux i686; rv:5.0) Gecko/20180118 Firefox/35.0,#752787
Josefina Fay,1-832-954-4804,vfranecki@hessel.biz,"674 Gorczany Isle Apt. 628
Casperfurt, AL 70906","Mozilla/5.0 (Windows; U; Windows NT 6.0) AppleWebKit/532.2.5 (KHTML, like Gecko) Version/4.1 Safari/532.2.5",#6ff7b3
Muhammad Stiedemann,1-774-347-9956,dschaden@hotmail.com,"2516 Morris Roads Suite 496
South Nicohaven, OK 01242-9644","Mozilla/5.0 (Macintosh; U; PPC Mac OS X 10_5_5 rv:5.0; sl-SI) AppleWebKit/531.47.2 (KHTML, like Gecko) Version/4.0.4 Safari/531.47.2",#a91d59
Irwin Welch,(503) 884-2028,denis92@pollich.com,"60512 Beer Overpass Suite 729
Warrenfort, OK 53758-6068",Opera/9.60 (Windows NT 5.01; sl-SI) Presto/2.11.308 Version/10.00,#12485d
Miss Clemmie Zboncak,+1-320-650-1657,macie.schmitt@hotmail.com,"249 Kovacek Curve Suite 454
South Kendall, OR 83353",Mozilla/5.0 (Windows 98; en-US; rv:1.9.1.20) Gecko/20140902 Firefox/36.0,#d770cf
Fabian Kuvalis,(426) 405-2081,isobel92@hotmail.com,"23286 Andrew Way Suite 272
South Alexanne, WI 55164",Opera/9.31 (Windows NT 5.01; sl-SI) Presto/2.9.342 Version/12.00,#1bf44d
Coty Herman I,+1.550.619.5676,theodora.hirthe@hotmail.com,"4662 Verla Route Suite 160
Hayesside, GA 31359-7273",Opera/9.27 (X11; Linux x86_64; en-US) Presto/2.10.185 Version/11.00,#4b4b97
Coty Streich II,+19745593802,fritsch.florida@yahoo.com,"75126 Lebsack Haven Apt. 354
West Monique, FL 72448-3243","Mozilla/5.0 (Macintosh; PPC Mac OS X 10_8_2 rv:4.0; en-US) AppleWebKit/535.35.2 (KHTML, like Gecko) Version/4.1 Safari/535.35.2",#ce646f
Laron Fritsch,868-429-6195,mbrakus@hotmail.com,"3495 Graham Shoal Apt. 780
West Ubaldoburgh, NV 10720-1938",Mozilla/5.0 (Macintosh; PPC Mac OS X 10_6_8 rv:6.0) Gecko/20140403 Firefox/37.0,#3a18e8
Rhea Zieme,+1 (251) 483-3479,berenice20@hotmail.com,"34740 Leuschke Spurs
South Monica, TN 05299-4757",Mozilla/5.0 (compatible; MSIE 6.0; Windows NT 5.01; Trident/3.1),#c7b132
Orion Russel,525-625-1992,meagan32@morissette.com,"371 Tessie Isle
Ashlynnhaven, CO 70331-5263",Opera/9.87 (X11; Linux x86_64; en-US) Presto/2.11.242 Version/12.00,#ed095c
Jaunita Crooks,+14952398885,jacky04@keeling.com,"538 Evelyn Ridges Suite 527
North Scot, MS 63865-9554","Mozilla/5.0 (Macintosh; PPC Mac OS X 10_6_0) AppleWebKit/5312 (KHTML, like Gecko) Chrome/37.0.894.0 Mobile Safari/5312",#bfb131
Brenden Zieme,710.618.4459,xkuvalis@hotmail.com,"34704 Gerlach Rue
South Stewartside, PA 03324","Mozilla/5.0 (Macintosh; U; Intel Mac OS X 10_7_1) AppleWebKit/5340 (KHTML, like Gecko) Chrome/39.0.898.0 Mobile Safari/5340",#9c9a9b
Prof. Carolyn Haley PhD,+1 (985) 932-9835,janice45@gmail.com,"2313 Feeney Dale
Borerfort, ME 28595",Opera/9.32 (Windows NT 5.01; en-US) Presto/2.10.187 Version/10.00,#6b316f
Prof. Tom Windler,967-491-7500,owuckert@mann.biz,"505 Winfield Springs
New Lennie, WV 59183-2543",Mozilla/5.0 (compatible; MSIE 10.0; Windows NT 5.2; Trident/5.0),#1be3fe
Mrs. Maya Lueilwitz MD,+1-660-229-5779,rrohan@wehner.net,"15855 Micah Run Suite 522
Beierbury, MO 97151-6434","Mozilla/5.0 (Windows; U; Windows NT 5.2) AppleWebKit/534.24.6 (KHTML, like Gecko) Version/5.1 Safari/534.24.6",#937504
Chelsea Kuvalis,1-602-427-3697,bednar.murl@welch.info,"78898 Sanford Unions Apt. 054
Lake Agustinport, LA 68487",Opera/9.91 (Windows 98; Win 9x 4.90; en-US) Presto/2.11.246 Version/10.00,#6a79a2
Adriel Emard,593.453.9639,schuyler.greenfelder@brakus.com,"9275 Elyssa Trace
North Marcia, ND 91982","Mozilla/5.0 (iPad; CPU OS 7_2_1 like Mac OS X; sl-SI) AppleWebKit/535.12.4 (KHTML, like Gecko) Version/4.0.5 Mobile/8B112 Safari/6535.12.4",#93c19f
Mrs. Polly Klein MD,(393) 364-7356,zpacocha@maggio.net,"43241 Wiza Pines Apt. 222
Lake Aisha, OR 85509",Opera/9.55 (X11; Linux i686; sl-SI) Presto/2.10.241 Version/11.00,#828abb
Prof. Emile Daugherty,509-292-0021,qullrich@hessel.com,"610 Gottlieb Underpass
Lake Winonatown, WA 21637","Mozilla/5.0 (Macintosh; PPC Mac OS X 10_8_4) AppleWebKit/5360 (KHTML, like Gecko) Chrome/40.0.859.0 Mobile Safari/5360",#09c592
Terrence Wilderman V,(754) 919-5049,plemke@yahoo.com,"69521 Yasmeen Spurs Apt. 701
South Bonitaview, MN 04236","Mozilla/5.0 (Windows; U; Windows NT 5.1) AppleWebKit/533.27.7 (KHTML, like Gecko) Version/5.0 Safari/533.27.7",#4f4c8c
Freeda Mraz DVM,649-864-6231,javon.kunde@stark.org,"970 Dickinson Gardens Apt. 958
Hannabury, WA 69789-3009",Mozilla/5.0 (X11; Linux i686; rv:5.0) Gecko/20230615 Firefox/35.0,#be83a2
Mr. Mario Reinger IV,890.585.6655,gheaney@roberts.net,"3687 Ray Springs Suite 761
South Reneeview, OH 91630-9339","Mozilla/5.0 (Macintosh; U; Intel Mac OS X 10_6_6) AppleWebKit/5332 (KHTML, like Gecko) Chrome/38.0.822.0 Mobile Safari/5332",#e50907
Emmett Rempel V,246.726.5467,xschaden@hotmail.com,"79116 Cole Spurs Apt. 927
Lake Hilarioside, NH 33858-6612","Mozilla/5.0 (X11; Linux x86_64) AppleWebKit/5350 (KHTML, like Gecko) Chrome/40.0.897.0 Mobile Safari/5350",#72395b
Abdiel Borer,798.407.1186,michale.anderson@hotmail.com,"24379 Goodwin Junctions Apt. 707
Caitlynport, ID 70631-5805",Opera/8.55 (X11; Linux i686; sl-SI) Presto/2.8.282 Version/10.00,#9f9b5e
Beatrice Simonis,+1-362-597-8187,cummerata.caleb@kertzmann.org,"843 Albertha Highway
Jackelineland, MN 53599-9462",Mozilla/5.0 (Windows NT 5.1; en-US; rv:1.9.2.20) Gecko/20230206 Firefox/36.0,#d5a59b
Nicholaus Weber,484-968-1919,mcglynn.jimmie@haag.org,"891 Kuvalis Lane Suite 599
Wymanside, HI 10025-2603",Mozilla/5.0 (compatible; MSIE 6.0; Windows 95; Trident/3.0),#b57cb2
Jerome Bernier,629.978.1486,conn.leon@gmail.com,"3205 Mohr Fall
South Demetrisberg, MS 96892","Mozilla/5.0 (X11; Linux i686) AppleWebKit/5351 (KHTML, like Gecko) Chrome/40.0.850.0 Mobile Safari/5351",#f0107c
Javonte Hartmann,1-625-989-9945,wyost@fritsch.net,"976 Kuhlman Squares
South Madilyn, UT 23521-5988","Mozilla/5.0 (Macintosh; Intel Mac OS X 10_5_0 rv:2.0; en-US) AppleWebKit/535.3.4 (KHTML, like Gecko) Version/5.0.4 Safari/535.3.4",#970f26
Percy Grady,+1 (440) 646-9828,gail.raynor@cartwright.org,"34319 Georgette Fort Apt. 756
Spinkahaven, LA 75872",Mozilla/5.0 (compatible; MSIE 11.0; Windows NT 6.2; Trident/5.0),#af2242
Dr. Zack Orn IV,(740) 951-1551,sharon42@lehner.info,"466 Reinger Springs
Nicolasshire, UT 02901-4942",Opera/8.28 (X11; Linux i686; en-US) Presto/2.9.287 Version/11.00,#3dc4ca
Carissa Lindgren,+1-705-708-4292,paul.hahn@roob.com,"9992 Ernesto Common Suite 006
Wehnerberg, NY 08576",Mozilla/5.0 (compatible; MSIE 9.0; Windows NT 5.0; Trident/5.0),#0f0f30
Maximo Brakus II,(468) 274-2438,vincent18@gmail.com,"80461 Hintz Village
Santastad, UT 02588-4316","Mozilla/5.0 (Windows; U; Windows CE) AppleWebKit/533.41.7 (KHTML, like Gecko) Version/4.1 Safari/533.41.7",#69958c
Dr. Genoveva Kub Sr.,338-536-5904,waters.ronaldo@yahoo.com,"2141 Krajcik Valley
Aiyanaland, OK 11789",Mozilla/5.0 (Macintosh; U; Intel Mac OS X 10_8_0 rv:2.0) Gecko/20130117 Firefox/37.0,#1c0dd0
Miss Melba Leannon,1-481-766-2970,celestino20@yahoo.com,"64504 Marley Pine Apt. 577
North Ettie, AZ 15208","Mozilla/5.0 (Windows NT 5.2) AppleWebKit/5360 (KHTML, like Gecko) Chrome/38.0.815.0 Mobile Safari/5360",#8ebc50
Kiley Wuckert,1-513-314-6702,charles.kunde@lemke.net,"1328 Kathlyn River
North Brittany, MD 36448-5098",Mozilla/5.0 (X11; Linux x86_64; rv:5.0) Gecko/20181229 Firefox/36.0,#269e7f
Fiona Price,1-210-543-8661,zieme.edna@yahoo.com,"68813 Pollich Wells
Jarrettchester, NE 20519-7190","Mozilla/5.0 (Macintosh; Intel Mac OS X 10_6_4) AppleWebKit/5330 (KHTML, like Gecko) Chrome/38.0.866.0 Mobile Safari/5330",#9ffede
Milford Trantow,779-973-0728,carey20@stamm.com,"99434 Sibyl Locks
East Delia, MS 36404","Mozilla/5.0 (Macintosh; U; PPC Mac OS X 10_7_8 rv:6.0; en-US) AppleWebKit/532.35.1 (KHTML, like Gecko) Version/4.0.4 Safari/532.35.1",#bdedfb
Murray Hirthe,(338) 272-5278,bert85@hotmail.com,"854 Treva Junctions Suite 970
East Hobart, AR 70749",Opera/9.25 (X11; Linux x86_64; sl-SI) Presto/2.12.212 Version/10.00,#f4d474
Dashawn Hammes V,293.635.6224,verona.ebert@borer.com,"21088 Aubree Center
Spencermouth, KY 45660",Opera/9.81 (X11; Linux i686; en-US) Presto/2.8.209 Version/10.00,#49a0c0
Ms. Eliza Gutkowski,989-896-1360,jeff94@walsh.com,"3170 Heathcote Square Apt. 776
Mosciskiport, MO 29039-6415","Mozilla/5.0 (Windows 98; Win 9x 4.90) AppleWebKit/5332 (KHTML, like Gecko) Chrome/38.0.861.0 Mobile Safari/5332",#43f618
Price Auer,+1-908-620-5705,gutkowski.waldo@yahoo.com,"838 D'Amore Gardens Apt. 837
Torreymouth, NC 66490-2576",Mozilla/5.0 (compatible; MSIE 5.0; Windows 98; Win 9x 4.90; Trident/5.0),#09259f
Cali Kunze III,+1-585-370-5007,hills.cesar@frami.net,"679 Nitzsche Trace
Wiegandview, NJ 54813",Mozilla/5.0 (compatible; MSIE 9.0; Windows 98; Win 9x 4.90; Trident/4.1),#8fd695
Giovani Balistreri,(353) 935-5380,knolan@yahoo.com,"695 Mertz Shoals
West Lucindaton, VT 96403-6230","Mozilla/5.0 (Windows; U; Windows NT 4.0) AppleWebKit/533.12.2 (KHTML, like Gecko) Version/5.0.1 Safari/533.12.2",#40d09a
Mrs. Wanda Huels Jr.,+1-662-348-3497,albin41@bernier.com,"796 Schuyler Lodge
Beckerhaven, NV 63994",Mozilla/5.0 (compatible; MSIE 8.0; Windows NT 6.0; Trident/5.0),#6b39bb
Beryl Miller,(563) 819-1782,lucas36@cartwright.com,"310 Olaf Path
New Regan, VT 95773","Mozilla/5.0 (X11; Linux x86_64) AppleWebKit/5350 (KHTML, like Gecko) Chrome/36.0.888.0 Mobile Safari/5350",#6e1ceb
Julius Torphy,529-829-9842,carolyne73@thompson.net,"78036 Brionna Shore Suite 291
Lake Jaimemouth, AR 36222",Mozilla/5.0 (compatible; MSIE 7.0; Windows 98; Trident/3.0),#3c9c8c
Elmore Krajcik Sr.,(870) 345-5620,alexzander37@yahoo.com,"481 Windler Harbor Suite 958
Port Huberttown, MN 31168",Opera/8.73 (Windows NT 6.1; en-US) Presto/2.10.328 Version/11.00,#752590
Sophia Ernser,1-259-649-0975,weimann.laura@yahoo.com,"742 Esta Radial Suite 664
North Cleveland, NV 38997",Opera/8.88 (Windows 98; Win 9x 4.90; en-US) Presto/2.8.252 Version/12.00,#94939a
Dr. Gregory Kertzmann,1-834-718-5647,ashlee.larkin@hotmail.com,"58345 Cummings Street
East Connor, TN 84154-1948","Mozilla/5.0 (Macintosh; Intel Mac OS X 10_8_3 rv:5.0; sl-SI) AppleWebKit/532.12.3 (KHTML, like Gecko) Version/4.0.4 Safari/532.12.3",#89fe1e
Hudson Jast,391-981-4757,emmett11@fay.com,"920 Moen Grove Apt. 055
South Ethelmouth, GA 90185","Mozilla/5.0 (iPad; CPU OS 7_0_2 like Mac OS X; sl-SI) AppleWebKit/532.9.3 (KHTML, like Gecko) Version/4.0.5 Mobile/8B117 Safari/6532.9.3",#67dd90
Terry Abbott,579-384-4493,uwalker@douglas.com,"956 Ezra Plaza Suite 578
Torpburgh, MT 42524",Mozilla/5.0 (compatible; MSIE 10.0; Windows NT 5.1; Trident/3.1),#dd4b8e
Kian Schimmel IV,(363) 436-9660,vhalvorson@gmail.com,"628 Lorena Pass Suite 312
South Dillanmouth, SC 13271",Mozilla/5.0 (compatible; MSIE 6.0; Windows 98; Win 9x 4.90; Trident/4.1),#9762c7
Miss Velva Sawayn,+1 (332) 550-5818,kuhlman.destinee@barton.com,"5949 William Keys
East Dean, WA 66704-0833",Opera/8.13 (X11; Linux x86_64; en-US) Presto/2.8.282 Version/12.00,#cf31dc
Zack Runte I,1-358-583-5804,maribel13@hotmail.com,"699 Schmitt Prairie Apt. 978
West Mina, DE 25129-9094","Mozilla/5.0 (X11; Linux i686) AppleWebKit/5350 (KHTML, like Gecko) Chrome/38.0.803.0 Mobile Safari/5350",#a25868
Mr. Enrique Reilly IV,(872) 346-0656,eulah.morar@yahoo.com,"43177 Brakus Burgs
East Bradyside, DE 36842-9697","Mozilla/5.0 (Macintosh; PPC Mac OS X 10_5_2 rv:6.0; sl-SI) AppleWebKit/531.28.1 (KHTML, like Gecko) Version/4.0.5 Safari/531.28.1",#83b219
Prof. Monserrate Hills,295-935-8095,camden.roberts@hotmail.com,"94316 Wilkinson Crossroad
Port Garrisonton, WI 27822","Mozilla/5.0 (Windows NT 5.0) AppleWebKit/5332 (KHTML, like Gecko) Chrome/36.0.803.0 Mobile Safari/5332",#4613a7
Dr. Tyra O'Reilly,304-905-1002,ibaumbach@gmail.com,"657 Roob Station
Danykashire, WY 99334","Mozilla/5.0 (Macintosh; U; PPC Mac OS X 10_5_9 rv:4.0; sl-SI) AppleWebKit/535.35.2 (KHTML, like Gecko) Version/4.1 Safari/535.35.2",#382a46
Ebony Williamson,220-789-2820,ulices77@mccullough.org,"8911 Mollie Ridge
Gleasonchester, CT 82172-1138","Mozilla/5.0 (X11; Linux i686) AppleWebKit/5310 (KHTML, like Gecko) Chrome/38.0.826.0 Mobile Safari/5310",#b6a90d
Dr. Adriana Crooks IV,+1-998-464-2162,hoeger.cassandre@nicolas.com,"56095 Dibbert Dale
West Stephanmouth, HI 69123-0046","Mozilla/5.0 (iPhone; CPU iPhone OS 7_1_2 like Mac OS X; en-US) AppleWebKit/535.41.7 (KHTML, like Gecko) Version/3.0.5 Mobile/8B117 Safari/6535.41.7",#21e418
Dr. Moriah DuBuque PhD,+1-524-526-6592,derek86@yahoo.com,"3415 Schinner Courts
Langoshville, LA 86038-6904",Mozilla/5.0 (compatible; MSIE 8.0; Windows NT 6.0; Trident/3.1),#c17db1
Abigale Watsica,962.627.4606,wilhelm.spencer@gmail.com,"437 Tremblay View Apt. 279
Kelliemouth, NJ 47657",Opera/9.59 (X11; Linux i686; en-US) Presto/2.9.260 Version/10.00,#3fcf03
Prof. Norbert Haley,742-744-7323,candida61@hotmail.com,"539 Nienow Mill
Alessandroside, MO 67698-5479","Mozilla/5.0 (iPhone; CPU iPhone OS 8_2_1 like Mac OS X; en-US) AppleWebKit/531.29.4 (KHTML, like Gecko) Version/4.0.5 Mobile/8B111 Safari/6531.29.4",#835d11
Johnny Dietrich I,+1-306-570-5942,ohahn@gmail.com,"2720 Crooks Spurs Suite 534
Lake Kenna, NE 82563","Mozilla/5.0 (Windows NT 6.1) AppleWebKit/5322 (KHTML, like Gecko) Chrome/39.0.827.0 Mobile Safari/5322",#63fa71
Elbert Moore,+1.737.300.4494,ubernier@robel.com,"19255 Schulist Stravenue
Llewellynberg, CA 60496-4822","Mozilla/5.0 (Windows; U; Windows CE) AppleWebKit/532.29.4 (KHTML, like Gecko) Version/4.0.5 Safari/532.29.4",#adbc6b
Stewart Shanahan PhD,+1 (535) 502-5722,robb.west@yahoo.com,"296 Boyer Underpass
Pagacberg, AR 85360",Opera/9.11 (Windows 95; sl-SI) Presto/2.11.276 Version/12.00,#b91e1b
Prof. Scotty Corwin DVM,562.820.2182,jeramie31@green.com,"7971 Bosco Parkways
Einoborough, AL 11092",Mozilla/5.0 (Macintosh; PPC Mac OS X 10_5_7 rv:3.0) Gecko/20170430 Firefox/35.0,#d60aee
Rene Spencer,872-315-7438,samanta94@gmail.com,"659 Angelica Skyway
North Sarina, CA 96165-9743","Mozilla/5.0 (Windows 98) AppleWebKit/5340 (KHTML, like Gecko) Chrome/38.0.848.0 Mobile Safari/5340",#03f1f1
Wilhelmine Prohaska II,737-771-1802,kiera85@hane.biz,"520 Heidenreich Streets
Okunevatown, PA 31563","Mozilla/5.0 (X11; Linux i686) AppleWebKit/5361 (KHTML, like Gecko) Chrome/37.0.898.0 Mobile Safari/5361",#9547f7
Tyson Brekke II,425.395.8918,vesta95@yahoo.com,"6405 Haag Gateway Apt. 498
Lake Stuartbury, ME 92624",Opera/8.92 (X11; Linux x86_64; sl-SI) Presto/2.8.323 Version/11.00,#7b7eb9
Dr. Jordan Wehner DDS,254-362-5699,king.esperanza@glover.biz,"1859 Austen Forges Suite 252
Lake Marietta, GA 70750","Mozilla/5.0 (Macintosh; Intel Mac OS X 10_8_5) AppleWebKit/5342 (KHTML, like Gecko) Chrome/38.0.835.0 Mobile Safari/5342",#bd36e5
Alivia Hammes,+1-564-633-5830,kemmer.audrey@lehner.net,"6088 Kris Viaduct Suite 895
Bentonfort, TX 29436-5648","Mozilla/5.0 (iPad; CPU OS 8_0_2 like Mac OS X; sl-SI) AppleWebKit/534.33.3 (KHTML, like Gecko) Version/4.0.5 Mobile/8B114 Safari/6534.33.3",#492027
Shaniya Kunze,(365) 592-4963,garnett.eichmann@tremblay.com,"5522 Perry Prairie Suite 235
Ricehaven, RI 75860-9820","Mozilla/5.0 (Macintosh; Intel Mac OS X 10_7_9) AppleWebKit/5352 (KHTML, like Gecko) Chrome/37.0.842.0 Mobile Safari/5352",#7f2bcc
Miss Alvina Wiegand,+1-327-660-7525,karlee56@gmail.com,"34039 Zechariah Drive Apt. 305
Lake Eveport, WA 68559-1719",Mozilla/5.0 (compatible; MSIE 7.0; Windows NT 5.1; Trident/5.1),#83a57a
Prof. Gabriel Marvin III,+1-221-629-5794,brooklyn21@yahoo.com,"29660 Bogisich Canyon Suite 491
Willmstown, WA 97052","Mozilla/5.0 (Windows; U; Windows NT 5.0) AppleWebKit/532.4.4 (KHTML, like Gecko) Version/5.0.4 Safari/532.4.4",#b93e2f
Alia Willms,+1-807-695-3551,jmarks@yahoo.com,"80059 Grant Canyon
South Aldaside, CT 43956",Opera/8.93 (Windows NT 4.0; sl-SI) Presto/2.8.171 Version/11.00,#01ef2d
Dee Ernser,(954) 843-8301,anibal.fisher@swaniawski.com,"49600 Jessyca Stream
Judahland, IN 63877",Mozilla/5.0 (compatible; MSIE 5.0; Windows CE; Trident/5.1),#89b4db
Justus Kub,(823) 618-0784,carmela.grant@cummerata.net,"953 Bernier Point
North Albertoview, WY 36667",Opera/9.14 (Windows NT 6.2; sl-SI) Presto/2.12.285 Version/11.00,#6e00f7
Rebekah Gerlach,+1 (581) 296-5753,veum.kaleigh@yahoo.com,"1233 Fay Prairie Suite 188
Lake Amaliafurt, AK 64232-2090",Opera/9.24 (X11; Linux i686; en-US) Presto/2.12.247 Version/10.00,#fe8c89
Margarita O'Hara,1-565-763-3096,odessa00@corkery.com,"4142 Glover Mills Apt. 683
South Nashchester, NC 53100-3666",Mozilla/5.0 (compatible; MSIE 8.0; Windows NT 6.2; Trident/4.1),#8c25bc
Mr. Mckenna Simonis,+1-337-464-6361,arden.mertz@yahoo.com,"423 Parker Ville Suite 402
Kochton, KY 26392-1653",Opera/8.86 (Windows CE; en-US) Presto/2.12.264 Version/11.00,#77f195
Dr. Soledad Williamson,+1-208-796-4285,dillan80@schuster.com,"27566 Deckow Pines Suite 121
North Cassandra, CA 40303","Mozilla/5.0 (X11; Linux i686) AppleWebKit/5351 (KHTML, like Gecko) Chrome/37.0.894.0 Mobile Safari/5351",#5ddfca
Mustafa Gleichner V,1-435-368-5630,antwon.schaden@hotmail.com,"95085 Olson Pike
Kerlukeburgh, DE 51325-2082",Mozilla/5.0 (compatible; MSIE 6.0; Windows NT 6.0; Trident/3.1),#dddb75
Reginald Witting,+1 (231) 264-5359,sedrick.emmerich@okon.com,"993 Rosenbaum Shores Suite 623
West Tevinmouth, WI 88544",Mozilla/5.0 (compatible; MSIE 9.0; Windows NT 5.1; Trident/4.0),#ee699b
Eveline Rutherford III,+1-967-419-0438,okeefe.linnea@hotmail.com,"3691 Isabell Street Suite 270
Wittingmouth, DE 97590",Opera/9.87 (Windows NT 5.2; sl-SI) Presto/2.10.232 Version/12.00,#469109
Dr. Mark Lakin,+1-204-270-5957,loyal.smitham@hotmail.com,"3234 Fernando Fall Suite 015
Lylabury, MS 03749",Mozilla/5.0 (compatible; MSIE 6.0; Windows NT 6.2; Trident/4.0),#32b983
Dr. Burley Dickens,1-905-213-5624,block.ulises@hotmail.com,"142 Bergnaum Ridge Apt. 012
Port Donnymouth, AK 43739-8525","Mozilla/5.0 (X11; Linux i686) AppleWebKit/5320 (KHTML, like Gecko) Chrome/38.0.892.0 Mobile Safari/5320",#216907
Daron Bartell,1-564-819-6641,eduardo.kautzer@hotmail.com,"3896 Quentin Circle
Lake Weldonmouth, MI 77971-2434",Mozilla/5.0 (X11; Linux x86_64; rv:7.0) Gecko/20230419 Firefox/36.0,#07dea5
Dr. Serenity Stroman,226-587-5399,santos77@greenholt.biz,"3750 Adams Rapid
North Ethelview, ME 39902","Mozilla/5.0 (Windows; U; Windows NT 6.0) AppleWebKit/531.46.4 (KHTML, like Gecko) Version/4.0 Safari/531.46.4",#4a796a
Darrin Kessler,282-964-3060,bechtelar.marlene@yahoo.com,"257 Crona Vista Apt. 903
Myrnastad, MA 28079-2205",Mozilla/5.0 (compatible; MSIE 5.0; Windows 95; Trident/3.1),#dc0d18
Mrs. Vicenta Barton,1-409-684-7365,hayes.gust@gmail.com,"4825 Hauck Hollow
East Kallie, ID 02624-0083",Opera/9.77 (X11; Linux i686; sl-SI) Presto/2.10.160 Version/10.00,#0b1383
Dayton Schmidt,715.477.1853,muller.selina@kirlin.com,"62563 Kulas Oval
West Johnny, OR 93311",Mozilla/5.0 (compatible; MSIE 6.0; Windows NT 4.0; Trident/5.0),#8bf26c
Prof. Shana Armstrong V,(359) 868-5350,dejah15@yahoo.com,"2801 Cielo Vista Apt. 072
Denesikshire, MS 52828","Mozilla/5.0 (Windows NT 6.0) AppleWebKit/5330 (KHTML, like Gecko) Chrome/38.0.882.0 Mobile Safari/5330",#3deb00
Miss Rowena Mertz,362.421.8967,estreich@hotmail.com,"995 Joe Stream
Watersview, NH 72961",Mozilla/5.0 (X11; Linux i686; rv:6.0) Gecko/20141129 Firefox/37.0,#91bee4
Kory Leannon MD,335-810-4980,brenden72@spencer.info,"2187 Garrett Port Suite 308
Mariaborough, TN 03943-4313",Mozilla/5.0 (compatible; MSIE 8.0; Windows NT 6.1; Trident/5.1),#bd959e
Marcella Miller,+1-565-887-6465,madonna.schinner@hotmail.com,"481 Kihn Stravenue Suite 051
Joelleland, MO 07759-8878",Mozilla/5.0 (X11; Linux x86_64; rv:6.0) Gecko/20230720 Firefox/36.0,#08bfd3
Prof. Dewayne Flatley I,(919) 232-3021,zhand@konopelski.info,"3415 Littel Highway Suite 208
Lake Olamouth, NH 56140-4809","Mozilla/5.0 (iPad; CPU OS 8_2_2 like Mac OS X; sl-SI) AppleWebKit/534.32.3 (KHTML, like Gecko) Version/3.0.5 Mobile/8B116 Safari/6534.32.3",#2a1c5d
Madisyn Boyer,658-239-9190,haley91@hotmail.com,"36455 Mya Courts Apt. 299
North Sofia, VA 15689","Mozilla/5.0 (Macintosh; U; PPC Mac OS X 10_7_2) AppleWebKit/5342 (KHTML, like Gecko) Chrome/38.0.837.0 Mobile Safari/5342",#bfbd48
Mr. Harvey Bergstrom III,1-962-519-3302,katrine90@leuschke.com,"57263 Halvorson Isle Suite 668
New Stefaniestad, IL 66056","Mozilla/5.0 (Windows NT 5.1) AppleWebKit/5312 (KHTML, like Gecko) Chrome/36.0.850.0 Mobile Safari/5312",#b1d8c1
Laurianne Conroy,(234) 214-5064,finn76@hotmail.com,"369 Feest Brooks
South Terrenceport, SD 29684",Opera/8.37 (Windows 98; sl-SI) Presto/2.8.307 Version/10.00,#2f3894
Zoey Kunze,+1-670-212-4498,mozell.hahn@emard.info,"39107 Franecki Track
Langoshbury, AK 56134-6485",Opera/9.45 (Windows NT 6.1; sl-SI) Presto/2.9.181 Version/11.00,#c284b8
Prof. Merlin Beatty PhD,637.371.3359,wilkinson.jordon@yahoo.com,"4212 Goodwin Springs Suite 209
Conorstad, UT 04475",Mozilla/5.0 (compatible; MSIE 11.0; Windows NT 5.1; Trident/5.0),#95ee8e
Lenna Veum,+1.217.678.6472,constance23@bergstrom.com,"48564 Beer Skyway
Bartholomefurt, SC 22662","Mozilla/5.0 (Macintosh; U; PPC Mac OS X 10_5_1 rv:4.0; en-US) AppleWebKit/533.31.4 (KHTML, like Gecko) Version/4.1 Safari/533.31.4",#e7667c
Jabari Jakubowski,+1-912-746-3529,tquigley@hotmail.com,"8393 Jenkins Freeway
Port Kurtport, VT 13232",Opera/9.49 (Windows NT 6.2; en-US) Presto/2.8.170 Version/12.00,#38a2e2
Mina Reilly,+1 (762) 686-9494,stehr.cristobal@gmail.com,"77054 Alfreda Drive
West Marian, AR 56743-4139",Mozilla/5.0 (Windows NT 6.1; en-US; rv:1.9.1.20) Gecko/20240103 Firefox/37.0,#4a87a2
Betty Murray,805.871.6546,flossie21@gmail.com,"765 Casimer Fort Apt. 359
North Branson, NJ 85214",Mozilla/5.0 (Windows 98; en-US; rv:1.9.2.20) Gecko/20240120 Firefox/36.0,#c42bda
Orrin O'Kon,+1-708-567-1797,mhoeger@sawayn.com,"997 Schumm Expressway
New Damienhaven, OK 84565",Opera/9.58 (Windows NT 5.2; en-US) Presto/2.8.300 Version/11.00,#1f1632
Deshaun Hauck,+1 (281) 875-2814,aufderhar.lisette@hotmail.com,"74220 Aurore Plains
Karianeville, NE 28726-6872","Mozilla/5.0 (Macintosh; U; Intel Mac OS X 10_7_4) AppleWebKit/5352 (KHTML, like Gecko) Chrome/38.0.829.0 Mobile Safari/5352",#5b4fbe
Prof. Melody Ruecker,+1-901-790-4328,shaina49@koch.org,"53863 Wilford Tunnel Suite 291
Wuckertborough, NJ 95548","Mozilla/5.0 (iPad; CPU OS 8_1_2 like Mac OS X; en-US) AppleWebKit/532.14.1 (KHTML, like Gecko) Version/4.0.5 Mobile/8B118 Safari/6532.14.1",#a79c91
Miss Vilma Hagenes I,275-916-2534,bkassulke@yahoo.com,"69528 Thiel Burgs
East Kristachester, IN 50653-9028","Mozilla/5.0 (Macintosh; U; PPC Mac OS X 10_5_7) AppleWebKit/5361 (KHTML, like Gecko) Chrome/38.0.814.0 Mobile Safari/5361",#27ed9e
Alivia Huels,478-617-0873,lavinia92@murray.biz,"5522 Okuneva Inlet
Lesleyton, OR 41372",Mozilla/5.0 (compatible; MSIE 6.0; Windows NT 5.1; Trident/3.1),#3d5bd8
Lacy Ferry,+1 (771) 480-1726,hilton.schinner@yahoo.com,"301 Benjamin Highway Apt. 061
Montemouth, WI 61271","Mozilla/5.0 (Windows NT 5.0) AppleWebKit/5320 (KHTML, like Gecko) Chrome/37.0.899.0 Mobile Safari/5320",#3cc3f6
Stacy Tremblay Jr.,989.892.8103,hilton71@gmail.com,"4851 Urban Loaf Apt. 527
East Ova, NV 94790-4305",Mozilla/5.0 (X11; Linux i686; rv:7.0) Gecko/20210215 Firefox/37.0,#b6143b
Devon Sawayn,290.523.5056,ymurray@hotmail.com,"104 Hettinger Coves Suite 975
Petraside, NE 17462","Mozilla/5.0 (Macintosh; U; Intel Mac OS X 10_6_2) AppleWebKit/5350 (KHTML, like Gecko) Chrome/37.0.888.0 Mobile Safari/5350",#ef2581
Prof. Brody Lindgren V,+1-230-477-1233,vlarkin@yahoo.com,"1457 Frances Field
Ziemannshire, DE 03538",Opera/8.45 (X11; Linux x86_64; en-US) Presto/2.11.274 Version/12.00,#6b98ef
Dr. Kaden Anderson,903-476-8712,wdonnelly@gmail.com,"45479 Hills Tunnel
North Terrenceville, VT 06182-8672","Mozilla/5.0 (iPad; CPU OS 7_2_1 like Mac OS X; sl-SI) AppleWebKit/533.48.7 (KHTML, like Gecko) Version/4.0.5 Mobile/8B117 Safari/6533.48.7",#27074e
Trystan Wunsch,442-803-5860,mckenna.satterfield@torphy.com,"835 Cruz Crest Suite 934
Colleenburgh, NV 39318",Opera/9.19 (X11; Linux i686; sl-SI) Presto/2.11.287 Version/11.00,#8de1d0
Chadrick Deckow Jr.,+1.960.681.5084,shields.issac@yahoo.com,"5559 Welch Mountain Suite 628
South Brigittestad, FL 30406-9666",Opera/8.84 (Windows NT 5.01; sl-SI) Presto/2.10.341 Version/12.00,#bb92b7
Mrs. Lorine Nikolaus DDS,+1.603.326.1064,ransom.heidenreich@yahoo.com,"648 Johnston Spur
Hahnland, WY 28046",Opera/9.97 (X11; Linux x86_64; en-US) Presto/2.9.166 Version/12.00,#6d3892
Darian Schaefer,1-413-854-1251,sylvester.ernser@yahoo.com,"296 Greenfelder Row
South Jordonfurt, ID 10257-3914",Opera/9.84 (X11; Linux x86_64; en-US) Presto/2.12.193 Version/11.00,#853d6a
Hilbert Kris,+1.857.517.7866,ryan.desmond@littel.org,"22194 Corwin Point
East Marjorie, AZ 79828-4432",Mozilla/5.0 (compatible; MSIE 11.0; Windows NT 5.1; Trident/3.1),#190f52
Miss Cordia Ferry IV,659-315-2543,kemmer.myah@parisian.biz,"98968 Shanelle Loop Apt. 406
East Americachester, AL 51276-7618",Opera/8.21 (Windows NT 5.0; en-US) Presto/2.10.344 Version/11.00,#5baeee
Caterina Feest,1-915-927-5150,destin.grady@wintheiser.org,"97794 Moshe Lakes Apt. 515
North Wavaport, PA 86401",Mozilla/5.0 (X11; Linux i686; rv:6.0) Gecko/20220626 Firefox/36.0,#98100f
Roel Quitzon,+1.595.935.4672,mekhi.king@hotmail.com,"893 Moen Oval
East Rickyhaven, OH 26956",Mozilla/5.0 (compatible; MSIE 5.0; Windows NT 6.2; Trident/3.0),#8dd836
Katarina Conroy,607-569-4451,jaclyn40@gmail.com,"708 Johnathan Course Apt. 949
Eichmannberg, DE 89965-5084",Opera/9.12 (Windows 98; Win 9x 4.90; sl-SI) Presto/2.11.346 Version/10.00,#538879
Davon Harvey,+1 (469) 972-6901,brakus.griffin@terry.biz,"322 Paxton Fords
Nikkotown, FL 36960-2372","Mozilla/5.0 (Windows 95) AppleWebKit/5342 (KHTML, like Gecko) Chrome/39.0.873.0 Mobile Safari/5342",#640d24
Mr. Nels Grimes DVM,+1.808.298.8429,raegan93@larkin.com,"3552 Kylee Fort Apt. 505
Carrollborough, IA 47657-2578",Mozilla/5.0 (compatible; MSIE 10.0; Windows 98; Win 9x 4.90; Trident/4.1),#cc7613
Wilburn Schuster,+1-464-817-8811,hessel.josefa@kunze.net,"333 Kadin Camp Apt. 276
Port Jordaneside, NE 33137","Mozilla/5.0 (iPhone; CPU iPhone OS 8_0_2 like Mac OS X; sl-SI) AppleWebKit/535.28.5 (KHTML, like Gecko) Version/3.0.5 Mobile/8B116 Safari/6535.28.5",#5b7487
Miss Dahlia Schneider,+18546382720,cnicolas@mante.com,"8765 Becker Burgs Apt. 889
Aliamouth, OK 30169",Mozilla/5.0 (X11; Linux i686; rv:6.0) Gecko/20160729 Firefox/37.0,#03a88f
Wava Strosin,274.481.0183,kautzer.mason@yahoo.com,"547 Schimmel Divide Suite 549
Lake Jaydastad, ND 50089-4813",Mozilla/5.0 (Macintosh; U; Intel Mac OS X 10_7_8 rv:4.0) Gecko/20210905 Firefox/36.0,#1fcc6c
Dr. Merle Maggio,+1-251-503-9019,muhammad.effertz@strosin.biz,"5323 Bashirian Corners
Port Leila, MA 67486-3272",Mozilla/5.0 (Macintosh; U; Intel Mac OS X 10_5_3 rv:5.0) Gecko/20130515 Firefox/37.0,#7249aa
Miss Leanne Muller,807-586-9270,mireya.barton@yahoo.com,"183 Casey Harbors Apt. 054
Maxwellfort, TX 87536",Mozilla/5.0 (compatible; MSIE 9.0; Windows NT 6.1; Trident/5.0),#0f063d
Mrs. Lenore Padberg DDS,425-976-4081,ukris@lubowitz.org,"68462 Lang Village Apt. 869
Durganburgh, MS 35171","Mozilla/5.0 (iPad; CPU OS 8_1_2 like Mac OS X; en-US) AppleWebKit/535.9.5 (KHTML, like Gecko) Version/4.0.5 Mobile/8B115 Safari/6535.9.5",#29099e
Robbie Herman II,+15607939027,cschulist@hotmail.com,"9382 Price Lodge
New Demetriushaven, ND 90542-6346","Mozilla/5.0 (Macintosh; U; Intel Mac OS X 10_5_0 rv:6.0; en-US) AppleWebKit/534.45.4 (KHTML, like Gecko) Version/5.0 Safari/534.45.4",#364b27
Quincy Sawayn I,+1-632-674-5563,kailyn.parker@weimann.info,"410 Harmony Trail Suite 291
Erwinberg, NE 72823-4126","Mozilla/5.0 (Windows; U; Windows NT 6.1) AppleWebKit/531.31.4 (KHTML, like Gecko) Version/5.0.2 Safari/531.31.4",#f3314c
Marge Dickinson,+1.837.498.0134,hellen89@gutmann.com,"3630 Glenda Branch Apt. 653
South Nadia, AR 03987-4272","Mozilla/5.0 (X11; Linux i686) AppleWebKit/5360 (KHTML, like Gecko) Chrome/40.0.859.0 Mobile Safari/5360",#9dbaca
Brandy Hagenes,282.614.6888,borer.alexa@yahoo.com,"22907 Ricardo Ports
Hoppeborough, OK 10609",Mozilla/5.0 (Macintosh; PPC Mac OS X 10_6_4 rv:4.0) Gecko/20111007 Firefox/35.0,#aec088
Myrtie Runolfsdottir,+1-582-619-6708,bayer.johnathon@hotmail.com,"159 Rodrigo Branch
New Arnulfoville, IA 71508-1387","Mozilla/5.0 (Windows; U; Windows NT 5.1) AppleWebKit/532.10.2 (KHTML, like Gecko) Version/4.1 Safari/532.10.2",#55808e
Tiffany Torphy,(768) 926-4705,crist.ashton@okeefe.org,"234 Fay Rapid
Port Ceasarland, CO 27645",Mozilla/5.0 (compatible; MSIE 7.0; Windows NT 5.01; Trident/5.0),#39ff15
Tierra Abshire II,479.497.2039,gusikowski.ismael@wintheiser.com,"25672 Oceane Station Suite 525
Nolanborough, ME 67339-2948",Opera/9.36 (Windows NT 6.2; en-US) Presto/2.8.214 Version/10.00,#c60a7b
Asha Walsh,(301) 229-5721,pabbott@hotmail.com,"6284 Noble Ramp
Dareland, ND 99556",Opera/9.83 (Windows NT 6.2; sl-SI) Presto/2.10.313 Version/11.00,#84f47e
Wayne Dooley,+19714106363,hwitting@yahoo.com,"9652 Muller Causeway
Port Mose, LA 29953-7733",Opera/9.29 (Windows 98; Win 9x 4.90; sl-SI) Presto/2.8.268 Version/10.00,#22ff13
Johnson Hegmann,495.515.1589,morar.ena@gmail.com,"84822 Ludie Parkway Suite 578
Alvinaburgh, PA 55171",Mozilla/5.0 (X11; Linux i686; rv:6.0) Gecko/20120828 Firefox/37.0,#27df3c
Tina Kreiger,1-480-919-6763,aschimmel@glover.com,"555 Baumbach Turnpike Suite 406
South Sheaville, FL 83201-1007",Opera/8.17 (X11; Linux i686; sl-SI) Presto/2.10.337 Version/11.00,#37f300
Ike Eichmann,209-345-4673,cupton@yahoo.com,"426 Darian Pines Apt. 962
Port Jacintoland, RI 09538-3639",Opera/8.51 (Windows NT 5.2; en-US) Presto/2.8.215 Version/10.00,#ffe508
Ethelyn Fahey,442-297-6018,rconsidine@halvorson.com,"21738 Douglas Port
Howellchester, CO 40281-0744",Opera/8.84 (X11; Linux i686; en-US) Presto/2.8.195 Version/11.00,#a133ef
Tracy Stanton,1-650-506-0912,pfay@boyle.com,"9723 Caden Station
Maribelstad, MO 87407","Mozilla/5.0 (X11; Linux i686) AppleWebKit/5351 (KHTML, like Gecko) Chrome/38.0.805.0 Mobile Safari/5351",#7799de
Mr. Wellington Powlowski,+1.628.982.6907,moen.verda@hotmail.com,"3129 Heidi Spur Apt. 059
Alburgh, OH 46602",Opera/8.73 (X11; Linux i686; sl-SI) Presto/2.12.174 Version/12.00,#95c2d7
Clovis Reilly III,414.755.0779,bashirian.lula@yahoo.com,"181 Shad Mission Suite 563
Kyleeland, IN 25673",Opera/8.40 (X11; Linux x86_64; sl-SI) Presto/2.11.281 Version/11.00,#e367cc
Mariela Dickinson,+19846303555,howe.angelina@gmail.com,"32693 Olson Gateway
Lake Nina, MD 36487",Mozilla/5.0 (compatible; MSIE 5.0; Windows 98; Win 9x 4.90; Trident/5.1),#cb931c
Miss Reba Ryan,1-902-314-5222,dasia.walker@flatley.com,"9661 Morissette Course Suite 253
New Milo, OH 61299",Mozilla/5.0 (compatible; MSIE 5.0; Windows 98; Win 9x 4.90; Trident/3.0),#f81a3d
Roberto Upton,509.269.8728,mccullough.lon@okuneva.com,"3286 Christiansen Motorway
East Janelle, AZ 50267-3056",Mozilla/5.0 (compatible; MSIE 10.0; Windows CE; Trident/3.1),#e9f701
Camren Lemke,813.962.5703,wilford.christiansen@weber.com,"565 Glen Cliffs Suite 565
Kochmouth, PA 57900-3077",Opera/9.28 (X11; Linux x86_64; en-US) Presto/2.10.225 Version/11.00,#4d8843
Darrel Oberbrunner,1-403-371-4930,plangosh@schoen.com,"16783 Hammes Tunnel
West Kennaland, TX 12514","Mozilla/5.0 (Windows NT 5.1) AppleWebKit/5361 (KHTML, like Gecko) Chrome/39.0.845.0 Mobile Safari/5361",#994510
Mr. Benedict White DVM,602.293.3883,gilberto.schoen@hotmail.com,"209 Alysa Mountains Apt. 538
Colthaven, VT 14143",Opera/8.94 (Windows NT 5.01; sl-SI) Presto/2.10.295 Version/12.00,#a1f270
Alize Waters,1-914-692-5838,esta20@conroy.com,"65666 Barton Route Apt. 626
Keelingmouth, TN 51756-1907",Opera/9.14 (X11; Linux x86_64; en-US) Presto/2.12.340 Version/11.00,#16451a
Dr. Lucy Hill Jr.,803-660-4100,hansen.morgan@olson.com,"31713 Dee Roads Suite 832
Caleighshire, DE 92238","Mozilla/5.0 (Windows; U; Windows CE) AppleWebKit/534.32.2 (KHTML, like Gecko) Version/5.0.1 Safari/534.32.2",#0c5b46
Dr. Hilda Thiel V,1-609-315-8196,percy56@schuster.com,"7172 Brooke Lodge Suite 775
New Crawford, IN 50913","Mozilla/5.0 (X11; Linux x86_64) AppleWebKit/5360 (KHTML, like Gecko) Chrome/36.0.844.0 Mobile Safari/5360",#52893a
Domenico Sporer,+1-203-398-3734,sjast@yahoo.com,"8335 Hermina Harbors Apt. 082
Riceborough, HI 54095-6948",Mozilla/5.0 (compatible; MSIE 11.0; Windows NT 5.01; Trident/3.0),#7acfaf
Ms. Sarah Nolan,(945) 700-3389,vandervort.ernestine@wilkinson.org,"86953 Kuphal Estate
North Otisport, MA 89127",Mozilla/5.0 (compatible; MSIE 10.0; Windows 98; Win 9x 4.90; Trident/5.1),#81f76c
Reuben Koepp,+1-220-252-5106,gbeer@yahoo.com,"57136 Becker Light Apt. 179
New Dylan, LA 29689",Mozilla/5.0 (Macintosh; U; PPC Mac OS X 10_6_3 rv:3.0) Gecko/20101212 Firefox/35.0,#1b3f4d
Vivien O'Reilly,(987) 239-6379,vicky83@jacobi.com,"922 Meta Locks
Luettgenmouth, VT 34847",Mozilla/5.0 (X11; Linux i686; rv:7.0) Gecko/20120921 Firefox/36.0,#7a2fa8
Timothy Abbott,+1.285.809.8259,fritz.wolf@yahoo.com,"831 Aaron Mission Apt. 957
North Anastacio, MT 80689-6139","Mozilla/5.0 (iPhone; CPU iPhone OS 7_0_2 like Mac OS X; en-US) AppleWebKit/533.31.1 (KHTML, like Gecko) Version/4.0.5 Mobile/8B112 Safari/6533.31.1",#1e77e2
Brandi Pollich,(670) 519-2921,kody.predovic@hotmail.com,"733 Richie Shoal
New Marianamouth, CO 06996-6437",Opera/8.90 (X11; Linux i686; sl-SI) Presto/2.12.274 Version/11.00,#f5fc6c
Casper Herman,+1-350-883-7412,xbergstrom@hotmail.com,"3351 Macie Ports
Lake Alvenastad, WA 68228",Mozilla/5.0 (compatible; MSIE 5.0; Windows NT 5.2; Trident/3.1),#91e070
Prof. Jammie Jacobson V,268-656-3163,nhills@yahoo.com,"722 Celestine Squares
Port Casimirland, WY 53721",Mozilla/5.0 (X11; Linux x86_64; rv:5.0) Gecko/20240212 Firefox/36.0,#6461ed
Miss Cydney Cruickshank III,(567) 314-6434,hdickens@gmail.com,"6355 O'Conner Mill
Gaylordbury, ID 06025-9580","Mozilla/5.0 (Windows NT 6.2) AppleWebKit/5341 (KHTML, like Gecko) Chrome/38.0.875.0 Mobile Safari/5341",#481cc6
Anibal Kunze,956.701.2354,flo26@boyle.com,"79106 Gleason Pike
Fadelshire, NM 85603","Mozilla/5.0 (Windows; U; Windows 95) AppleWebKit/535.40.1 (KHTML, like Gecko) Version/4.0 Safari/535.40.1",#6cf965
Otilia Harris IV,917.760.2113,ncole@ebert.org,"400 Russel Unions
North Carmella, OK 96982","Mozilla/5.0 (X11; Linux i686) AppleWebKit/5351 (KHTML, like Gecko) Chrome/37.0.887.0 Mobile Safari/5351",#5ef7fd
Aleen Cummings,803.766.8590,prolfson@hotmail.com,"9358 Goodwin Divide
Noeltown, OK 57763-2512","Mozilla/5.0 (Windows 98) AppleWebKit/5361 (KHTML, like Gecko) Chrome/37.0.808.0 Mobile Safari/5361",#28d77c
Ms. Lindsay Kozey,1-943-851-3423,pacocha.barney@hotmail.com,"4277 Prohaska Cove Suite 447
Lake Maximo, HI 37399","Mozilla/5.0 (Macintosh; U; Intel Mac OS X 10_7_9 rv:3.0; en-US) AppleWebKit/533.47.1 (KHTML, like Gecko) Version/5.0.3 Safari/533.47.1",#34386b
Prof. Mazie Anderson,+1.540.856.3946,smarvin@tremblay.biz,"8036 Sonia Loop
New Nadia, WA 54249-6505","Mozilla/5.0 (Windows; U; Windows 95) AppleWebKit/531.13.2 (KHTML, like Gecko) Version/4.0 Safari/531.13.2",#59aba9
Shea Turner,+19534343782,wreynolds@mclaughlin.info,"7859 Langworth Freeway
West Jordyn, DE 97626",Opera/8.75 (Windows NT 5.01; sl-SI) Presto/2.9.241 Version/11.00,#367c4f
Jess Marks,+1-852-336-8579,cade.von@yahoo.com,"658 Johnston Trafficway Apt. 052
Oberbrunnerchester, PA 03465","Mozilla/5.0 (Macintosh; PPC Mac OS X 10_7_9) AppleWebKit/5332 (KHTML, like Gecko) Chrome/39.0.815.0 Mobile Safari/5332",#9b2fd6
Sterling Kihn DDS,+1-931-666-5816,abogan@torp.com,"3348 Aniyah Drive
Port Kareem, FL 06847",Opera/8.87 (X11; Linux i686; sl-SI) Presto/2.10.224 Version/11.00,#356a01
Erik Stehr,+1-381-404-4510,larkin.america@yahoo.com,"18976 King Rue Apt. 801
East Allison, AZ 28196","Mozilla/5.0 (Windows 98; Win 9x 4.90) AppleWebKit/5331 (KHTML, like Gecko) Chrome/37.0.816.0 Mobile Safari/5331",#21699e
Prof. Zackary Little II,1-730-472-6435,estella52@pouros.com,"8727 Alisha Viaduct Apt. 735
Creminburgh, ID 26150-4568","Mozilla/5.0 (Windows NT 6.1) AppleWebKit/5322 (KHTML, like Gecko) Chrome/36.0.844.0 Mobile Safari/5322",#506de3
Dr. Mitchel Medhurst,(587) 723-9139,justen57@hamill.com,"4162 Simonis Points Apt. 093
West Demetriusside, LA 92810-4934","Mozilla/5.0 (Windows NT 5.2) AppleWebKit/5362 (KHTML, like Gecko) Chrome/36.0.837.0 Mobile Safari/5362",#65eeb4
Mrs. Ericka Cassin II,553-407-1963,upredovic@lemke.com,"1470 Yundt Alley Suite 576
South Norma, OR 97749","Mozilla/5.0 (X11; Linux x86_64) AppleWebKit/5352 (KHTML, like Gecko) Chrome/39.0.874.0 Mobile Safari/5352",#a9dbc3
Alvera Metz,981-671-6866,witting.paxton@gmail.com,"78813 Edythe Roads
Port Ramonashire, NJ 30487-1313",Mozilla/5.0 (compatible; MSIE 6.0; Windows NT 6.1; Trident/3.0),#f347d1
Sofia Schroeder,+1-510-768-7385,reanna.smith@leuschke.org,"54994 Nader Stravenue
Lake Ryderbury, GA 23980-5757","Mozilla/5.0 (Windows; U; Windows 98) AppleWebKit/532.16.3 (KHTML, like Gecko) Version/4.1 Safari/532.16.3",#92d1d6
Prof. Katelynn Smith,1-343-728-9297,kareem.towne@pagac.info,"9332 Nella Parks
West Warrenfurt, OR 82276",Mozilla/5.0 (Macintosh; Intel Mac OS X 10_7_0 rv:6.0) Gecko/20141203 Firefox/35.0,#87b1f2
Cruz Kshlerin,+1-212-600-0792,johns.valentin@yahoo.com,"223 Lyla Throughway
Araceliberg, VA 99333-4279",Opera/9.90 (Windows NT 5.2; sl-SI) Presto/2.10.343 Version/11.00,#8275d0
Willard Rempel DVM,1-236-915-3243,vmetz@greenfelder.com,"482 Loy Meadows
Eichmannstad, DC 74064","Mozilla/5.0 (Macintosh; U; Intel Mac OS X 10_8_5) AppleWebKit/5321 (KHTML, like Gecko) Chrome/37.0.866.0 Mobile Safari/5321",#a0bf74
Dr. Dereck Rath I,307.855.1402,glover.chanel@dare.com,"26364 Ellie Road
South Gradyville, KS 85030",Mozilla/5.0 (Macintosh; U; Intel Mac OS X 10_6_2 rv:2.0) Gecko/20120115 Firefox/37.0,#cf3f2d
Mara Dibbert,440-258-9069,tmuller@price.com,"97163 Cicero Lakes Suite 518
East Brendan, DC 63414",Mozilla/5.0 (X11; Linux i686; rv:6.0) Gecko/20100911 Firefox/36.0,#b11dd9
Dawson Nitzsche Sr.,+17154020365,dach.felipa@crona.com,"8675 Ena Manor Apt. 127
Boganberg, VA 73361-1742","Mozilla/5.0 (Macintosh; Intel Mac OS X 10_8_2) AppleWebKit/5340 (KHTML, like Gecko) Chrome/39.0.880.0 Mobile Safari/5340",#010640
Mr. Ken Koepp PhD,1-342-933-9349,yhahn@gorczany.com,"5657 Anabelle Wall Apt. 485
Conroychester, NE 98522-3721",Opera/8.68 (X11; Linux x86_64; sl-SI) Presto/2.12.330 Version/11.00,#2dd9c3
Verla Langosh DVM,+1.368.797.1204,hoyt47@gmail.com,"67067 Kshlerin Park
Langshire, CT 34240",Mozilla/5.0 (Macintosh; U; Intel Mac OS X 10_7_9 rv:4.0) Gecko/20111010 Firefox/36.0,#f4f4dc
Dr. Brown Kirlin,(203) 515-5179,jamal02@hotmail.com,"11901 Gerhold Mountains
East Arturomouth, VA 23994",Opera/9.88 (X11; Linux i686; sl-SI) Presto/2.11.174 Version/10.00,#916adf
Kelsi Wehner,+19685513289,phirthe@yahoo.com,"1526 Hettinger Mill
Port Ronaldoview, IA 78152-0618",Opera/8.23 (X11; Linux x86_64; en-US) Presto/2.10.168 Version/11.00,#62f07b
Elwin Schowalter III,1-228-616-2886,janae84@hotmail.com,"5658 Bechtelar Springs
South Cristianmouth, NY 53017",Mozilla/5.0 (Windows CE; en-US; rv:1.9.0.20) Gecko/20220125 Firefox/36.0,#8da9a0
Prof. Preston Schamberger DDS,1-572-222-1068,king.randal@yahoo.com,"583 Keebler Fields Suite 796
Lake Keenanstad, OK 08462","Mozilla/5.0 (Macintosh; U; Intel Mac OS X 10_8_6) AppleWebKit/5312 (KHTML, like Gecko) Chrome/40.0.821.0 Mobile Safari/5312",#d5761e
Nicholaus Wintheiser,(578) 514-4395,dortha.huel@yahoo.com,"34908 Florencio Expressway
East Aprilport, TN 76670","Mozilla/5.0 (X11; Linux i686) AppleWebKit/5310 (KHTML, like Gecko) Chrome/40.0.842.0 Mobile Safari/5310",#8df68f
Eve Lesch MD,+13946626073,dillon13@hotmail.com,"7965 Tierra Spurs
Kaleyborough, MT 63262",Mozilla/5.0 (compatible; MSIE 6.0; Windows NT 6.1; Trident/3.1),#e7e995
Cora Swift,540.605.4082,sabrina08@hotmail.com,"40347 Weber Unions Apt. 439
Reichertstad, TN 75670","Mozilla/5.0 (Windows; U; Windows CE) AppleWebKit/531.3.1 (KHTML, like Gecko) Version/4.1 Safari/531.3.1",#8b8207
Shaniya Mraz,362-350-9075,giovani.bahringer@yahoo.com,"182 Destiney Burg Suite 345
South Aimeeview, SD 12064","Mozilla/5.0 (Macintosh; U; Intel Mac OS X 10_7_8 rv:5.0; sl-SI) AppleWebKit/534.21.7 (KHTML, like Gecko) Version/4.1 Safari/534.21.7",#4a2cfe
Verdie Pollich,+1-381-513-1295,carolina07@gmail.com,"9343 Skiles Ridge Apt. 649
East Merrittbury, NC 19922-4723","Mozilla/5.0 (X11; Linux i686) AppleWebKit/5351 (KHTML, like Gecko) Chrome/39.0.802.0 Mobile Safari/5351",#d4e4d4
Salma Oberbrunner DVM,+1-956-962-2878,koss.monserrat@harber.com,"31355 Wunsch Groves Apt. 174
Framibury, IN 14622","Mozilla/5.0 (iPad; CPU OS 8_0_1 like Mac OS X; en-US) AppleWebKit/535.21.1 (KHTML, like Gecko) Version/3.0.5 Mobile/8B112 Safari/6535.21.1",#7c20bc
Alejandrin Schaefer,1-643-545-8930,creinger@yahoo.com,"11814 Bogisich Fords Apt. 325
Feltonville, NE 16852-2178","Mozilla/5.0 (Windows; U; Windows NT 5.1) AppleWebKit/532.5.3 (KHTML, like Gecko) Version/5.0 Safari/532.5.3",#c45f35
Retta Krajcik DVM,+19089340678,runte.providenci@olson.com,"812 Concepcion Camp
Kaylinberg, OH 58257","Mozilla/5.0 (X11; Linux x86_64) AppleWebKit/5311 (KHTML, like Gecko) Chrome/40.0.830.0 Mobile Safari/5311",#4bc030
Riley Moen,+1 (803) 305-0539,hannah24@gmail.com,"20007 Weimann Skyway
Wilfridtown, MI 48694",Mozilla/5.0 (Windows NT 5.01; sl-SI; rv:1.9.2.20) Gecko/20150416 Firefox/35.0,#02f80e
Nathen Fisher,1-726-628-5740,ovonrueden@gmail.com,"9011 Jacobson Haven
Cruickshankton, KY 40942-7186",Opera/8.49 (X11; Linux i686; en-US) Presto/2.11.306 Version/10.00,#680290
Jordane Heidenreich,(907) 297-0052,daron75@keebler.com,"6023 Lockman Village Suite 083
Weimannfort, GA 37484","Mozilla/5.0 (Macintosh; U; PPC Mac OS X 10_8_4 rv:5.0; sl-SI) AppleWebKit/533.47.6 (KHTML, like Gecko) Version/5.0.2 Safari/533.47.6",#095201
Dr. Chandler Erdman DDS,848.227.7800,uullrich@hotmail.com,"54511 Dorcas Common
Curttown, MD 91171",Opera/8.55 (Windows 95; en-US) Presto/2.10.315 Version/12.00,#b330e3
Mr. Mallory Purdy Sr.,+1.552.324.7818,chelsie77@gmail.com,"92791 Barton Square Apt. 333
Considineport, TN 37478","Mozilla/5.0 (Windows; U; Windows 98; Win 9x 4.90) AppleWebKit/532.45.1 (KHTML, like Gecko) Version/4.0.5 Safari/532.45.1",#04e776
Vernon Sawayn,572.876.3776,vcollier@gmail.com,"8573 Burdette Dam
Robelshire, NE 39651-0732",Mozilla/5.0 (compatible; MSIE 10.0; Windows NT 4.0; Trident/3.0),#207698
Oswald Legros,+1.463.813.7927,valentin.nader@ryan.net,"1265 Breitenberg Loop
North Creola, IL 04328",Mozilla/5.0 (Macintosh; U; PPC Mac OS X 10_5_1 rv:5.0) Gecko/20171204 Firefox/37.0,#f5d94e
Keagan Christiansen,+1-757-205-6159,kaleb90@yahoo.com,"102 Johns Isle
West Claudine, DC 84412",Mozilla/5.0 (compatible; MSIE 9.0; Windows NT 6.0; Trident/4.1),#91121a
Neoma Breitenberg,235-827-2982,berneice.turner@gmail.com,"36235 Emmet Junction Apt. 389
North Sammytown, WY 90149-1455","Mozilla/5.0 (Windows 95) AppleWebKit/5342 (KHTML, like Gecko) Chrome/38.0.850.0 Mobile Safari/5342",#39559d
Aaliyah Ledner,+1-287-205-5433,ramiro.trantow@weber.com,"9143 Russ Spur
Lake Vella, MA 15157-0130",Mozilla/5.0 (Macintosh; U; PPC Mac OS X 10_8_7 rv:2.0) Gecko/20100616 Firefox/36.0,#ebc519
Leopoldo Fisher,540.922.1704,vsmith@hartmann.com,"22918 Stuart Estates Suite 895
New Joshborough, WV 53993",Mozilla/5.0 (compatible; MSIE 8.0; Windows NT 5.01; Trident/4.1),#2a7fef
Dr. Julio Rempel I,1-842-396-4058,laney.ullrich@gmail.com,"15156 Jaycee Wall Suite 758
East Raulfurt, HI 64279-0257",Mozilla/5.0 (compatible; MSIE 7.0; Windows NT 5.1; Trident/3.0),#21a256
Vincenza Bosco I,+1 (513) 422-9278,karolann.barton@hansen.biz,"4750 Carlo Island
New Eriberto, MN 46693-8589","Mozilla/5.0 (X11; Linux i686) AppleWebKit/5331 (KHTML, like Gecko) Chrome/39.0.855.0 Mobile Safari/5331",#903cba
Mr. Micheal Heller I,1-254-768-3021,isadore.bernhard@gmail.com,"35870 Tillman Lane
Jarredbury, GA 35802-5412","Mozilla/5.0 (Windows; U; Windows NT 4.0) AppleWebKit/534.11.7 (KHTML, like Gecko) Version/4.0.3 Safari/534.11.7",#3eb925
Grover Harber PhD,336-540-5185,andrew.kuhic@hotmail.com,"3598 Yundt Haven Suite 917
Morissettefort, MT 27571","Mozilla/5.0 (X11; Linux x86_64) AppleWebKit/5341 (KHTML, like Gecko) Chrome/37.0.819.0 Mobile Safari/5341",#4279f3
Enoch Fisher,1-396-882-5395,glangworth@hotmail.com,"8380 Louvenia Mountain Suite 706
New Brendonshire, ID 12864",Mozilla/5.0 (X11; Linux x86_64; rv:6.0) Gecko/20120113 Firefox/37.0,#8fb95e
Mrs. Margarita Ankunding I,658-216-4113,yost.jameson@ferry.org,"14892 Norberto Passage
South Danielleland, VT 90325-6396",Mozilla/5.0 (X11; Linux i686; rv:6.0) Gecko/20220112 Firefox/37.0,#0eb8c6
Trinity Smith PhD,1-779-445-2359,veronica.wyman@oberbrunner.biz,"3366 Mohr Cove
Willfort, MO 71757","Mozilla/5.0 (X11; Linux x86_64) AppleWebKit/5360 (KHTML, like Gecko) Chrome/38.0.878.0 Mobile Safari/5360",#42f4d9
Prof. Jovan Bergnaum V,+1.921.979.4747,reinger.lonie@west.com,"129 Maya Junctions Apt. 120
Osinskiville, MA 85749",Opera/8.16 (X11; Linux i686; en-US) Presto/2.11.246 Version/10.00,#eab0ea
Haylee Gutmann III,683.530.1514,jacques52@bednar.net,"440 McDermott Ridges Apt. 228
South Brendanshire, SC 51366",Opera/8.24 (Windows NT 6.1; en-US) Presto/2.9.286 Version/12.00,#314265
Beau Reichel,380.679.2269,schuster.laura@harber.com,"2000 Henriette Rapids Apt. 667
Lake Amelie, AR 74774-8133","Mozilla/5.0 (Windows CE) AppleWebKit/5310 (KHTML, like Gecko) Chrome/40.0.872.0 Mobile Safari/5310",#bf8e43
Annabel Powlowski Jr.,1-878-614-2530,alisha.block@gmail.com,"572 Hoeger Pines
Alvenaburgh, KY 45565","Mozilla/5.0 (iPad; CPU OS 8_0_1 like Mac OS X; sl-SI) AppleWebKit/534.50.7 (KHTML, like Gecko) Version/4.0.5 Mobile/8B116 Safari/6534.50.7",#e43978
Hulda Moen,232-238-6712,bell33@rodriguez.com,"18184 Emmitt Causeway
West Sadye, NJ 48715",Mozilla/5.0 (compatible; MSIE 9.0; Windows NT 6.0; Trident/4.0),#77ea62
Ron Orn V,1-258-316-6899,gerhold.jordi@kuvalis.com,"326 Betsy Rue Apt. 157
Port Enrique, VA 90687-9132",Opera/9.70 (X11; Linux i686; sl-SI) Presto/2.8.166 Version/12.00,#c927a6
Cynthia Waters,946-548-2692,alphonso57@schuppe.com,"6449 Rohan Courts
West Johanna, RI 58109",Mozilla/5.0 (compatible; MSIE 10.0; Windows NT 6.0; Trident/5.0),#0cc285
Vicenta Schowalter,(252) 716-5374,tjacobson@ryan.com,"446 Glover Stravenue
East Gwendolynchester, MT 36791-9013","Mozilla/5.0 (iPhone; CPU iPhone OS 8_1_2 like Mac OS X; sl-SI) AppleWebKit/532.9.1 (KHTML, like Gecko) Version/3.0.5 Mobile/8B112 Safari/6532.9.1",#88a951
Philip Yundt,(819) 978-5127,fred.rau@yahoo.com,"655 Asia Canyon
Veumland, WI 46956","Mozilla/5.0 (Windows NT 5.01) AppleWebKit/5322 (KHTML, like Gecko) Chrome/39.0.850.0 Mobile Safari/5322",#97fb61
Dr. Gabriel Runolfsdottir,1-539-956-7165,morissette.christop@cummings.com,"3871 Paris Rue Apt. 053
Hartmannville, ID 56380-3072","Mozilla/5.0 (Macintosh; Intel Mac OS X 10_6_8 rv:4.0; sl-SI) AppleWebKit/531.17.4 (KHTML, like Gecko) Version/5.0 Safari/531.17.4",#0f55eb
Amaya Cole II,+1-336-944-5459,domingo75@murphy.com,"6138 Prosacco Underpass
Lake Emmalee, MO 33986",Mozilla/5.0 (X11; Linux x86_64; rv:7.0) Gecko/20100905 Firefox/37.0,#df4624
Dr. Karelle Tromp,+1.898.972.3167,rocio.kuhic@hotmail.com,"63310 Kirk Isle
South Carychester, UT 34233-3616",Mozilla/5.0 (Windows NT 6.2; sl-SI; rv:1.9.2.20) Gecko/20100220 Firefox/36.0,#33c81f
Heath Little,1-881-241-2869,lowell16@kiehn.net,"1268 Fritsch Fall Apt. 770
Auerfort, TX 01133-2139",Mozilla/5.0 (Macintosh; U; Intel Mac OS X 10_5_6 rv:4.0) Gecko/20220421 Firefox/36.0,#d89fb6
Karolann Doyle,760-929-9074,shany82@jacobson.org,"557 Wilber Lock Suite 730
Marianneview, TX 35860-1738",Mozilla/5.0 (X11; Linux i686; rv:5.0) Gecko/20210618 Firefox/37.0,#a9e6c7
Scarlett Batz III,(938) 481-6554,kristy.gaylord@hotmail.com,"20049 Lindgren Forges
Bashirianport, WY 64186","Mozilla/5.0 (Windows; U; Windows NT 5.0) AppleWebKit/534.15.6 (KHTML, like Gecko) Version/5.1 Safari/534.15.6",#833532
Darrin Hill,+1-348-720-7874,efren.gottlieb@anderson.com,"869 Kirlin Junctions
Hegmannburgh, KY 16361","Mozilla/5.0 (Windows; U; Windows NT 5.01) AppleWebKit/531.14.7 (KHTML, like Gecko) Version/5.0 Safari/531.14.7",#55b285
Dr. Ferne Walsh,+1.448.642.7284,arno.schowalter@senger.biz,"3424 Dach Roads Suite 200
West Laron, CA 32671-5093","Mozilla/5.0 (X11; Linux x86_64) AppleWebKit/5311 (KHTML, like Gecko) Chrome/37.0.800.0 Mobile Safari/5311",#ac888f
Cooper Cruickshank,318.385.0090,danial.gerhold@hotmail.com,"115 Lorine Rest
Lake Jewell, NV 91304-6842","Mozilla/5.0 (X11; Linux i686) AppleWebKit/5352 (KHTML, like Gecko) Chrome/38.0.874.0 Mobile Safari/5352",#9ee2d1
Miss Alison Daugherty III,(219) 600-1286,abbott.sunny@yahoo.com,"988 Torp Knoll
Jorgestad, DC 43539","Mozilla/5.0 (Macintosh; U; Intel Mac OS X 10_7_4 rv:5.0; sl-SI) AppleWebKit/531.31.5 (KHTML, like Gecko) Version/5.0 Safari/531.31.5",#c79219
Jeremie Nolan,681.451.9047,walton37@yahoo.com,"33281 Wunsch Mountains Apt. 000
Bauchshire, KS 04482",Opera/8.42 (Windows NT 6.0; en-US) Presto/2.9.176 Version/11.00,#428ebf
Prof. Deion Rolfson,436.262.5054,elmira.jacobson@waters.biz,"540 Oberbrunner Fords Suite 075
Port Petechester, WV 92101-6269",Opera/8.75 (X11; Linux i686; en-US) Presto/2.9.160 Version/11.00,#130b8e
Dr. Sidney Lynch DDS,(709) 909-2933,destany.simonis@goodwin.com,"5065 Upton Mill
Osinskichester, AL 79038","Mozilla/5.0 (Macintosh; Intel Mac OS X 10_7_2) AppleWebKit/5331 (KHTML, like Gecko) Chrome/38.0.834.0 Mobile Safari/5331",#57e66a
Christiana Fadel,234-969-4952,ezequiel62@senger.com,"37277 Smith Loop
Kreigerburgh, NE 89024-6883","Mozilla/5.0 (Windows; U; Windows NT 5.2) AppleWebKit/533.10.6 (KHTML, like Gecko) Version/4.0.3 Safari/533.10.6",#82841a
Christine Hamill,679-378-2742,ryan.jennings@skiles.net,"5731 Kihn Knolls
New Joelleburgh, ND 77902",Mozilla/5.0 (compatible; MSIE 6.0; Windows NT 6.1; Trident/4.0),#243153
Dr. Lucious Crooks V,539.358.8601,cpadberg@kub.com,"742 Bryon Junctions Apt. 158
Lake Cliftonchester, FL 14917","Mozilla/5.0 (Windows; U; Windows NT 4.0) AppleWebKit/531.36.4 (KHTML, like Gecko) Version/4.1 Safari/531.36.4",#2acbff
Miller Herman,+12642850545,stark.gilbert@hotmail.com,"4308 Runolfsson Estate Apt. 877
Christianashire, KY 74136-4622",Opera/8.78 (X11; Linux i686; en-US) Presto/2.8.250 Version/10.00,#abc479
Ms. Esta Gislason,790-474-3525,stanton.tevin@yahoo.com,"70631 Wiley Lakes Suite 836
Marianobury, ND 88782-0565","Mozilla/5.0 (Windows; U; Windows NT 5.01) AppleWebKit/533.45.5 (KHTML, like Gecko) Version/5.0.2 Safari/533.45.5",#f77325
Jarred Deckow,1-261-946-5803,amara20@osinski.biz,"953 DuBuque Ports
Port Lorine, KS 19350-4526",Opera/9.65 (X11; Linux x86_64; sl-SI) Presto/2.12.251 Version/11.00,#8aefaf
Letha Schimmel,(932) 322-6367,weissnat.alysha@hotmail.com,"144 Philip Passage Apt. 320
North Tamiaview, AL 23709","Mozilla/5.0 (Macintosh; U; Intel Mac OS X 10_8_1) AppleWebKit/5341 (KHTML, like Gecko) Chrome/39.0.845.0 Mobile Safari/5341",#76602f
Scot VonRueden,(770) 295-8604,trycia46@heathcote.com,"620 Nikolaus Parkways
Blickside, AL 59301-3678",Opera/8.96 (Windows NT 5.1; sl-SI) Presto/2.10.249 Version/12.00,#4ee199
Prof. Margaret Hahn,(537) 705-0538,nicholaus12@gmail.com,"808 Vernice Garden Suite 040
Lake Kacey, AK 00848-7188","Mozilla/5.0 (Macintosh; U; PPC Mac OS X 10_8_2 rv:2.0; sl-SI) AppleWebKit/534.6.5 (KHTML, like Gecko) Version/5.0.3 Safari/534.6.5",#127a1c
Valerie Casper,609-624-1918,rogelio.cassin@hotmail.com,"45469 Parisian Throughway Suite 922
Lemkehaven, VA 17519",Opera/9.20 (Windows CE; sl-SI) Presto/2.9.293 Version/12.00,#93b973
Ernestine Borer,480.816.6429,anahi04@gmail.com,"94774 Murray Square Suite 216
Leannemouth, NH 05526","Mozilla/5.0 (iPhone; CPU iPhone OS 8_2_1 like Mac OS X; en-US) AppleWebKit/533.35.3 (KHTML, like Gecko) Version/3.0.5 Mobile/8B111 Safari/6533.35.3",#bde268
Kaylah Schmidt,403-650-7099,eladio75@abshire.com,"4015 Antonette Fork
Lake Ciarabury, KY 98216",Mozilla/5.0 (Windows NT 5.0; en-US; rv:1.9.0.20) Gecko/20160222 Firefox/37.0,#3a16db
Kennedy Windler,969.982.4938,tdicki@bechtelar.org,"1551 Cummerata Crossroad Suite 481
Hellermouth, ND 84661","Mozilla/5.0 (Windows; U; Windows NT 5.2) AppleWebKit/534.45.6 (KHTML, like Gecko) Version/5.0 Safari/534.45.6",#6fbcb6
Willy Morar,232-866-0531,camden65@olson.com,"49826 Grimes Parkway
Mayertton, DE 75183","Mozilla/5.0 (Macintosh; Intel Mac OS X 10_6_4) AppleWebKit/5312 (KHTML, like Gecko) Chrome/36.0.840.0 Mobile Safari/5312",#da63d2
Ila Goldner DDS,(430) 243-5342,jameson26@harber.com,"55974 Hallie Greens Apt. 030
Myrtleburgh, GA 25084",Opera/9.52 (X11; Linux x86_64; sl-SI) Presto/2.12.349 Version/10.00,#fe9bfe
